Station,NORTHING,EASTING,Latitude,Longitude,Zone,Postcode
Abbey Road,539081,183352,51.531952,0.003723371,3,E15 3NB
Abbey Wood,547297,179002,51.4907843,0.120271971,4,SE2 9RH
Acton Central,520613,180299,51.50875735,-0.263430195,2,W3 6BH
Acton Main Line,520296,181196,51.5168865,-0.267689948,3,W3 9EH
Acton Town,519457,179639,51.50307099,-0.280302697,3,W3 8HN
Addington Village,537082,163744,51.35623854,-0.0326651,"3,4,5,6",CR0 5AR
Addiscombe,534190,166290,51.37980817,-0.073213283,"3,4,5,6",CR0 7AA
Albany Park,547903,172902,51.43581582,0.126444639,5,DA5 3HP
Aldgate,533629,181246,51.51434226,-0.075626912,1,EC3N 1AH
Aldgate East,533809,181333,51.51508151,-0.073001462,1,E1 7PT
Alexandra Palace,530300,190498,51.59826263,-0.120148971,3,N22 7ST
All Saints,538012,180933,51.51047691,-0.012624885,2,E14 0EH
Alperton,518025,183849,51.54120879,-0.299515753,4,HA0 4LL
Amersham,496454,198181,51.67412833,-0.606513768,9,HP6 5AZ
Ampere Way,530674,166476,51.38229922,-0.123636798,"3,4,5,6",CR0 3JX
Anerley,534656,169942,51.41251661,-0.0651371,4,SE20 8PY
Angel,531497,183263,51.53296785,-0.105581448,1,N1 8XB
Angel Road,535204,192202,51.61242024,-0.048732919,4,N18 3AY
Archway,529356,186827,51.56549032,-0.135121576,"2,3",N19 5RQ
Arena,535192,167620,51.39152266,-0.05831855,"3,4,5,6",SE25 4RY
Arnos Grove,529271,192471,51.61622992,-0.134270218,4,N11 1AN
Arsenal,531429,186107,51.55854121,-0.105499933,2,N5 1LP
Avenue Road,535764,169335,51.4067979,-0.049446937,"3,4,5,6",BR3 4NJ
Baker Street,527965,182078,51.52312937,-0.156904193,1,NW1 5LA
Balham,528482,173195,51.44318231,-0.152685162,3,SW12 9SG
Bank,532704,181111,51.51334692,-0.089000123,1,EC3V 3LA
Banstead,524590,160426,51.32929278,-0.213132334,6,SM7 1RB
Barbican,532079,181859,51.52021513,-0.097721578,1,EC1A 4JA
Barking,544405,184343,51.53952125,0.08083161,4,IG11 8TU
Barking Riverside,546824,182141,51.51911216,0.114769483,4,IG11 0BF
Barkingside,544788,189510,51.58585076,0.08847664,4,IG6 1NB
Barnehurst,550206,176193,51.46478055,0.160948024,6,DA7 6HQ
Barnes,522209,175705,51.46712738,-0.242033059,3,SW13 0LW
Barnes Bridge,521478,176255,51.47222764,-0.252362613,3,SW13 0NR
Barons Court,524133,178322,51.49022833,-0.213430142,2,W14 9DP
Battersea Park,528703,176999,51.47731808,-0.14812376,2,SW8 4NB
Battersea Power Station,529122,177252,51.47949634,-0.142001351,1,SW11 8AL
Bayswater,525845,180799,51.51211098,-0.187901572,1,W2 4QH
Beckenham Hill,538002,171379,51.42462603,-0.016495762,4,SE6 3NU
Beckenham Junction,537403,169840,51.4109416,-0.025701739,4,BR3 1HY
Beckenham Road,536177,169650,51.40952968,-0.043391922,"3,4,5,6",BR3 4RR
Beckton,543145,181509,51.51437673,0.061525297,3,E6 5NT
Beckton Park,542697,180887,51.50890089,0.054821939,3,E6 5NE
Becontree,547598,184442,51.53958562,0.126880293,5,RM9 4TP
Beddington Lane,529367,167215,51.38923965,-0.142138433,"3,4,5,6",CR0 4TF
Belgrave Walk,526805,168455,51.40096136,-0.178496472,"3,4,5,6",CR4 4NY
Bellingham,537702,172399,51.43386486,-0.02041177,3,SE6 3BT
Belmont,525500,162098,51.3441196,-0.199489251,5,SM2 6BH
Belsize Park,527399,185075,51.55019061,-0.163974491,2,NW3 2AL
Belvedere,549498,179197,51.49195925,0.152033793,5,DA17 6JW
Bermondsey,534461,179445,51.49796068,-0.06433009,2,SE16 4RX
Berrylands,519728,168040,51.39876795,-0.280321473,5,KT5 8LT
Bethnal Green,534995,182712,51.52719165,-0.055392111,2,E2 0ET
Bethnal Green Rail,534683,182380,51.52428264,-0.060013742,2,E2 6JL
Bexley,549399,173502,51.44081478,0.148203914,6,DA5 1AQ
Bexleyheath,548294,176000,51.46355018,0.133362966,5,DA7 4AA
Bickley,542304,168799,51.40037964,0.044304032,5,BR1 2EB
Birkbeck,535297,168996,51.403863,-0.056286236,4,BR3 4TA
Blackfriars,531738,180890,51.51158676,-0.102995385,1,EC4V 4DD
Blackheath,539604,175961,51.46540803,0.008336595,3,SE3 9LE
Blackhorse Lane,534362,166844,51.38474607,-0.070533948,"3,4,5,6",CR0 6NL
Blackhorse Road,535914,189256,51.58577656,-0.039625711,3,E17 6JJ
Blackwall,538394,180649,51.50783153,-0.007235166,2,E14 9QB
Bond Street,528497,181053,51.51379728,-0.149613609,1,W1C 2HU
Borough,532379,179734,51.50104872,-0.094197323,1,SE1 1JX
Boston Manor,516391,178755,51.49576501,-0.324747183,4,TW8 9LQ
Bounds Green,529996,191466,51.60703172,-0.124177065,"3,4",N11 2EU
Bow Church,537414,182824,51.52761517,-0.020499899,2,E3 3AA
Bow Road,537148,182753,51.52704177,-0.024359591,2,E3 4DH
Bowes Park,530299,191498,51.60724932,-0.119792218,"3,4",N22 8NL
Brent Cross,523905,187927,51.57659887,-0.213335838,3,NW11 9UA
Brentford,517462,177864,51.4875358,-0.309622531,4,TW8 9LF
Brentwood,559321,193036,51.61361083,0.299672821,7,CM14 4EW
Brimsdown,536297,196997,51.65524457,-0.031092277,5,EN3 7NA
Brixton,531076,175437,51.46273662,-0.114552097,2,SW9 8HE
Brockley,536405,175801,51.4647496,-0.03774825,2,SE4 2RW
Bromley North,540395,169699,51.40894234,0.017235452,4,BR1 3NN
Bromley South,540431,168705,51.40000132,0.01735958,5,BR1 1LX
Bromley-by-Bow,538034,182532,51.52484018,-0.011682374,"2,3",E3 3BT
Brondesbury,524718,184460,51.54526203,-0.202838483,2,NW6 7QL
Brondesbury Park,524202,183898,51.54032502,-0.210473944,2,NW6 6RP
Broxbourne,537407,207240,51.74701555,-0.011024084,9,EN10 7AW
Bruce Grove,533758,190115,51.59401113,-0.070398989,3,N17 8AD
Buckhurst Hill,541768,193957,51.62657674,0.046712541,5,IG9 5ET
Burnham,494007,181378,51.52350399,-0.646388208,,SL1 6JT
Burnt Oak,520303,190728,51.60255148,-0.264330708,4,HA8 0LA
Bush Hill Park,533696,195396,51.64148185,-0.069280412,5,EN1 1BA
Bushey,511860,195318,51.64554353,-0.384721533,8,WD19 4ST
Caledonian Road,530568,184899,51.54788525,-0.118360861,2,N7 9BA
Caledonian Road and Barnsbury,530800,184393,51.54328439,-0.115204856,2,N1 0SL
Cambridge Heath,534855,183250,51.53205967,-0.057203201,2,E2 7NA
Camden Road,529140,184191,51.54185101,-0.139203111,2,NW1 9LQ
Camden Town,528920,183976,51.53996912,-0.14245238,2,NW1 8NH
Canada Water,535399,179493,51.49816833,-0.050807121,2,SE16 7BB
Canary Wharf,537558,180153,51.50357838,-0.01946684,2,E14 4QS
Canning Town,539454,181350,51.5138703,0.008305633,3,E16 1DQ
Cannon Street,532623,180888,51.51136194,-0.090250526,1,EC4N 6AP
Canonbury,532355,184979,51.54818824,-0.092574195,2,N1 2PG
Canons Park,518208,191246,51.60765009,-0.294391591,5,HA8 6RN
Carpenders Park,511826,193386,51.62818609,-0.385829315,7,WD19 7DT
Carshalton,527737,164858,51.3684261,-0.166398326,5,SM5 2HT
Carshalton Beeches,527552,163625,51.35738657,-0.169496324,5,SM5 3LG
Castle Bar Park,515853,181770,51.52297312,-0.33150407,4,W7 1AY
Caterham,534099,155422,51.2821627,-0.078607298,6,CR3 6LB
Catford,537245,173544,51.44426487,-0.026538499,3,SE6 4XT
Catford Bridge,537363,173595,51.44469459,-0.024821876,3,SE6 4RE
Centrale,532067,165785,51.3757673,-0.103888103,"3,4,5,6",CR0 1XT
Chadwell Heath,547646,187611,51.56804709,0.128901113,5,RM6 4BE
Chafford Hundred,558922,178770,51.48555497,0.287475706,7,RM16 6QQ
Chalfont and Latimer,499610,197550,51.66790656,-0.561067759,8,HP7 9PR
Chalk Farm,528126,184421,51.54414884,-0.15373307,2,NW3 2BP
Chancery Lane,531096,181642,51.51849384,-0.111962027,1,WC1V 6DR
Charing Cross,530234,180492,51.50835843,-0.124802937,1,WC2N 5HS
Charlton,541108,178387,51.48683504,0.030941645,3,SE7 7AB
Cheam,524444,163334,51.35545989,-0.214211281,5,SM3 8RZ
Chelsfield,546944,164021,51.35626476,0.10898412,6,BR6 6EU
Chesham,496048,201650,51.70537902,-0.611429635,9,HP5 1DH
Cheshunt,536652,202307,51.70287328,-0.023887415,8,EN8 9AQ
Chessington North,518415,164168,51.36424295,-0.300476124,6,KT9 2RT
Chessington South,517974,163319,51.35670403,-0.307089015,6,KT9 2DD
Chigwell,543835,193045,51.617858,0.076179215,4,IG7 6NT
Chingford,539173,194628,51.63325339,0.009514326,5,E4 6AL
Chipstead,527689,158275,51.30927471,-0.169445868,6,CR5 3TD
Chislehurst,543205,169405,51.40559851,0.057491822,5,BR7 5NN
Chiswick,520438,177182,51.48078106,-0.267013318,3,W4 2QE
Chiswick Park,520352,178692,51.49437028,-0.267736918,3,W4 5NE
Chorleywood,502596,196092,51.65426508,-0.518333911,7,WD3 5ND
Church Street,532041,165555,51.37370639,-0.104346828,"3,4,5,6",CR0 1RN
City Thameslink,531688,181150,51.5139349,-0.103618449,1,EC4M 7JH
Clapham Common,529428,175291,51.46180345,-0.138314901,2,SW4 7AJ
Clapham High Street,529824,175709,51.4654693,-0.132464502,2,SW4 6DQ
Clapham Junction,527198,175520,51.46436651,-0.170315001,2,SW11 2QP
Clapham North,530003,175652,51.464916,-0.129910062,2,SW4 7TS
Clapham South,528782,174259,51.45267625,-0.147984068,"2,3",SW12 9DU
Clapton,534748,186531,51.561569,-0.057489458,2,E5 9JP
Clock House,536367,169545,51.4085405,-0.040702092,4,BR3 4PR
Cockfosters,528087,196424,51.65202424,-0.14991671,5,EN4 0DZ
Colindale,521295,189937,51.59523011,-0.25028754,4,NW9 5HR
Colliers Wood,526831,170436,51.4187589,-0.177415098,3,SW19 2HR
Coombe Lane,535201,164089,51.35978921,-0.059531571,"3,4,5,6",CR0 5RF
Coulsdon South,529869,159056,51.31580072,-0.137903089,6,CR5 3EA
Coulsdon Town,530098,159802,51.32245274,-0.134347056,6,CR5 2JA
Covent Garden,530242,180982,51.51276003,-0.124506894,1,WC2E 9JT
Crayford,551479,174424,51.44854705,0.178502718,6,DA1 3PY
Crews Hill,530973,200109,51.68447444,-0.1068441,6,EN2 8AY
Cricklewood,524009,185907,51.55842232,-0.212547931,3,NW2 1HL
Crofton Park,536517,174739,51.45517924,-0.036546582,3,SE4 2RA
Crossharbour and London Arena,537896,179301,51.49583996,-0.014932813,2,E14 8AD
Crouch Hill,530586,187508,51.57132691,-0.117133284,3,N4 4AU
Croxley,507921,195395,51.64700456,-0.441603787,7,WD3 3DY
Crystal Palace,534120,170557,51.41817024,-0.072607232,"3,4",SE19 2AZ
Custom House,540679,180911,51.5096221,0.02577251,3,E16 3BX
Cutty Sark for Maritime Greenwich,538240,177764,51.48194445,-0.010581867,2,SE10 9SW
Cyprus,543324,180863,51.50852669,0.063840756,3,E6 5PH
Dagenham Dock,548900,183000,51.52628744,0.145031015,5,RM9 6RA
Dagenham East,550284,185033,51.54418761,0.165833433,5,RM10 8AA
Dagenham Heathway,549035,184665,51.54121204,0.147679721,5,RM9 5AN
Dalston Junction,533580,184778,51.5460936,-0.074994204,2,E8 3DL
Dalston Kingsland,533487,185062,51.5486677,-0.076226922,2,E8 2JS
Debden,544275,196133,51.64549214,0.083801475,6,IG10 3TG
Denmark Hill,532697,176087,51.46820049,-0.090987869,2,SE5 8BB
Deptford,537165,177395,51.47889004,-0.02619632,2,SE8 3NU
Deptford Bridge,537466,176912,51.47447674,-0.022052429,"2,3",SE10 8BU
Devons Road,537603,182233,51.52225844,-0.018007754,2,E3 3QX
Dollis Hill,522207,185132,51.5518502,-0.238797758,3,NW10 5NB
Drayton Green,516002,180998,51.51600414,-0.329611253,4,W13 0JX
Drayton Park,531426,185499,51.55307814,-0.105770199,2,N5 1NT
Dundonald Road,524741,170233,51.41739781,-0.20752711,"3,4,5,6",SW19 3QJ
Ealing Broadway,517920,180915,51.51486148,-0.302010376,3,W5 2NU
Ealing Common,518963,180426,51.51024819,-0.287151413,3,W5 3LD
Earls Court,525457,178480,51.49135636,-0.194313807,"1,2",SW5 9QA
Earlsfield,526081,173030,51.4422385,-0.187272687,3,SW18 4SW
East Acton,521656,181159,51.51626301,-0.248112221,2,W12 0BP
East Croydon,532904,165801,51.37571595,-0.091863496,5,CR0 1LF
East Dulwich,533449,175375,51.46162545,-0.080436571,2,SE22 8EF
East Finchley,527242,189204,51.58733228,-0.164743884,3,N2 0NW
East Ham,542373,184255,51.53924625,0.051516293,"3,4",E6 2JA
East India,538729,180753,51.50868401,-0.002370332,"2,3",E14 9PS
East Putney,524387,174840,51.45887944,-0.210998232,"2,3",SW15 6SN
Eastcote,511191,187627,51.57655118,-0.39682329,5,HA5 1QZ
Eden Park,537396,167598,51.39079606,-0.026669716,5,BR3 3HQ
Edgware,519527,192009,51.61422917,-0.275093662,5,HA8 7AW
Edgware Road (Bakerloo),527026,181778,51.52064508,-0.17053955,1,W2 1DY
Edgware Road (Circle/District/Hammersmith and City),527227,181711,51.51999777,-0.167668253,1,NW1 5DH
Edmonton Green,534273,193590,51.6251156,-0.061639019,4,N9 9DX
Elephant and Castle,531940,179144,51.49584922,-0.100738714,"1,2",SE1 6LW
Elm Park,552446,185647,51.54912491,0.197252684,6,RM12 4RW
Elmers End,535788,168389,51.39829103,-0.049463832,4,BR3 4EJ
Elmstead Woods,542247,170656,51.41708071,0.044229343,4,BR7 5EW
Elstree and Borehamwood,519098,196299,51.65287512,-0.279828615,6,WD6 3LS
Eltham,542690,174962,51.45566231,0.052329308,4,SE9 6UB
Elverson Road,537848,176243,51.46837217,-0.016816376,"2,3",SE8 4LA
Embankment,530406,180380,51.5073123,-0.122367336,1,WC2N 6NS
Emerson Park,553971,187918,51.56911527,0.220222937,6,RM11 2JR
Enfield Chase,532181,196607,51.65272197,-0.090704205,5,EN2 7AA
Enfield Lock,536437,198737,51.67084608,-0.02839107,6,EN3 6BW
Enfield Town,532970,196544,51.65196995,-0.079329922,5,EN1 1YB
Epping,546197,201552,51.69368635,0.113825554,6,CM16 4HW
Epsom Downs,522805,159756,51.32365905,-0.238970223,6,KT17 4JX
Erith,551075,178096,51.48164796,0.174261291,6,DA8 1TY
Essex Road,532114,184132,51.54063316,-0.096365525,2,N1 2SU
Euston,529587,182735,51.52866411,-0.133296471,1,NW1 2DU
Euston Square,529454,182376,51.52546838,-0.135344488,1,NW1 2BN
Ewell East,522571,162152,51.34524348,-0.241502998,6,KT17 1QR
Ewell West,521473,162654,51.34999072,-0.257089129,6,KT17 1TU
Fairlop,544902,190655,51.59610969,0.09059328,4,IG6 3HD
Falconwood,544498,175394,51.45908593,0.078509693,4,SE9 2RN
Farringdon,531585,181844,51.52019552,-0.104843061,1,EC1M 6BY
Feltham,510601,173298,51.4478785,-0.409824471,6,TW13 4BY
Fenchurch Street,533434,180932,51.51156658,-0.078554152,1,EC3M 4AJ
Fieldway,537665,163212,51.35131697,-0.024503265,"3,4,5,6",CR0 0QA
Finchley Central,525232,190664,51.60090294,-0.193220635,4,N3 2RY
Finchley Road,526293,184703,51.54709591,-0.180050559,2,NW6 3BS
Finchley Road and Frognal,526035,185033,51.5501192,-0.183651201,2,NW3 5HT
Finsbury Park,531385,186784,51.56463527,-0.105881486,2,N4 3JU
Forest Gate,540447,185322,51.54931616,0.024189092,3,E7 0QH
Forest Hill,535398,172943,51.43930823,-0.053328504,3,SE23 3HD
Fulham Broadway,525402,177244,51.48026059,-0.195544162,2,SW6 1BY
Fulwell,514832,171841,51.433942,-0.349438518,6,TW2 5NY
Gallions Reach,543873,180935,51.50903426,0.071775395,3,E6 6FZ
Gants Hill,543266,188432,51.57655306,0.066084098,4,IG2 6UD
George Street,532432,165594,51.3739659,-0.098718105,"3,4,5,6",CRO 1LA
Gidea Park,552941,189306,51.58186609,0.205976983,6,RM2 6BX
Gipsy Hill,533321,171237,51.42446939,-0.083835167,3,SE19 1PL
Gloucester Road,526196,178848,51.49449926,-0.183543558,1,SW7 4SF
Golders Green,525199,187471,51.57221522,-0.194834557,3,NW11 7RN
Goldhawk Road,523131,179616,51.5020766,-0.227404003,2,W12 8EG
Goodge Street,529505,181837,51.52061289,-0.134807689,1,W1T 2HF
Goodmayes,546462,187369,51.56618117,0.111729655,4,IG3 9UH
Gordon Hill,531889,197799,51.66350209,-0.094473299,5,EN2 0QU
Gospel Oak,528263,185677,51.55540505,-0.151301031,2,NW5 1LT
Grange Hill,544963,192590,51.61348058,0.09227253,4,IG7 5QB
Grange Park,531753,195472,51.64262292,-0.097314423,5,N21 1RE
Gravel Hill,536359,163536,51.35454319,-0.043121699,"3,4,5,6",CR0 5BJ
Great Portland Street,528861,182174,51.52378856,-0.143961424,1,W1W 5PP
Green Park,529012,180283,51.50676025,-0.142477574,1,W1J 7BX
Greenford,514808,183861,51.54197951,-0.345878733,4,UB6 8PR
Greenwich,537956,177267,51.47754764,-0.014863084,"2,3",SE10 8JQ
Grove Park,540702,172099,51.43043268,0.022598502,4,SE12 0PW
Gunnersbury,519843,178401,51.49186296,-0.275164131,3,W4 5RP
Hackbridge,528582,165929,51.37786065,-0.153879197,4,SM6 7BJ
Hackney Central,534922,184943,51.54725736,-0.055589512,2,E8 1LL
Hackney Downs,534598,185137,51.54907799,-0.060185105,2,E8 1LA
Hackney Wick,537036,184588,51.54355837,-0.025259503,2,E9 5ER
Hadley Wood,526197,198199,51.66840258,-0.176581188,6,EN4 0EJ
Haggerston,533560,183953,51.53868461,-0.075595258,2,E8 4DY
Hainault,545124,191411,51.60284548,0.094108551,4,IG6 3BD
Hammersmith (District),523474,178483,51.49181941,-0.222860926,2,W6 9YA
Hammersmith (Met.),523346,178665,51.49348299,-0.224640155,2,W6 0ED
Hampstead,526408,185757,51.55654231,-0.178014558,2,NW3 1QG
Hampstead Heath,527344,185631,51.55519966,-0.164566182,3,NW3 2QD
Hampton,513299,169797,51.41587894,-0.372135246,6,TW12 2HU
Hampton Court,515376,168332,51.40229332,-0.342757145,6,KT8 9AE
Hampton Wick,517407,169752,51.41463953,-0.313103604,6,KT1 4DQ
Hanger Lane,518506,182621,51.53007156,-0.292996141,3,W5 1DL
Hanwell,515426,180560,51.51218541,-0.338051878,4,W7 3EB
Harlesden,520952,183367,51.53625791,-0.25749567,3,NW10 8UT
Harold Wood,554858,190626,51.5932026,0.234204077,6,RM3 0BL
Harringay,531395,188200,51.57735774,-0.105208252,3,N4 1RW
Harringay Green Lanes,531880,188189,51.57714573,-0.098217391,3,N4 2NU
Harrington Road,535002,168535,51.39979047,-0.060699954,"3,4,5,6",SE25 4NF
Harrow and Wealdstone,515486,189508,51.59259409,-0.334252679,5,HA3 7RF
Harrow-on-the-Hill,515329,188035,51.57938757,-0.337001511,5,HA1 1BB
Hatch End,513024,191370,51.6098279,-0.369178773,6,HA5 5LZ
Hatton Cross,509614,175369,51.46668461,-0.423380553,"5,6",TW6 3PF
Haydons Road,526012,171161,51.42545701,-0.188929357,3,SW19 8SL
Hayes,540003,165993,51.37573673,0.010142652,5,BR2 7EN
Hayes and Harlington,509717,179417,51.50304839,-0.420641893,5,UB3 4BX
Headstone Lane,513892,190574,51.60249904,-0.356907507,5,HA2 6NB
Heathrow Terminal 4,507939,174565,51.4597797,-0.447729578,6,TW6 3AA
Heathrow Terminal 5,504934,175642,51.47002462,-0.490647489,6,TW6 2GA
Heathrow Terminals 1 2 3,507587,175838,51.47128866,-0.452407214,6,TW6 1EB
Hendon,522143,188271,51.5800746,-0.238630517,"3,4",NW4 4PT
Hendon Central,522959,188631,51.58313268,-0.226734137,"3,4",NW4 3AS
Herne Hill,531934,174486,51.4539912,-0.102562908,"2,3",SE24 0JW
Heron Quays,537386,180127,51.50338654,-0.021953532,2,E14 4JH
High Barnet,525027,196310,51.65168794,-0.194165378,5,EN5 5RP
High Street Kensington,525622,179527,51.50072913,-0.191566055,1,W8 5SA
Highams Park,538581,191841,51.608356,-0.000135286,4,E4 9LA
Highbury and Islington,531562,184770,51.54649534,-0.104082139,2,N1 1SE
Highgate,528503,188158,51.57764638,-0.146934861,3,N6 5BH
Hillingdon,507567,185015,51.55377678,-0.449897982,6,UB10 9NR
Hither Green,538997,174497,51.45240172,-0.000970912,3,SE13 5NF
Holborn,530553,181488,51.51723554,-0.119840507,1,WC2B 6AA
Holland Park,524564,180215,51.50714615,-0.206557775,2,W11 3RB
Holloway Road,530930,185457,51.55281592,-0.112935696,2,N7 8HS
Homerton,536108,184901,51.54659539,-0.038512347,2,E9 5SD
Honor Oak Park,536002,174221,51.45064817,-0.044153121,3,SE23 3LE
Hornchurch,553931,186274,51.55435547,0.218926999,6,RM12 6LS
Hornsey,530911,189202,51.58647467,-0.111815637,3,N8 8SE
Hounslow,513902,174998,51.46250423,-0.361796248,5,TW3 3DL
Hounslow Central,513592,175928,51.47092517,-0.365958121,4,TW3 1JG
Hounslow East,514327,176254,51.47370731,-0.355275314,4,TW3 4AB
Hounslow West,512215,176140,51.47310509,-0.38570762,5,TW3 3DH
Hoxton,533582,183142,51.53139149,-0.075585647,"1,2",E2 8HR
Hyde Park Corner,528330,179801,51.50258377,-0.152474113,1,SW1X 7LY
Ickenham,508127,185811,51.56082433,-0.441579501,6,UB10 8PD
Ilford,543501,186501,51.55914236,0.068685191,4,IG1 4DU
Imperial Wharf,526299,176674,51.47493863,-0.182837503,2,SW6 2HA
Island Gardens,538228,178432,51.48795007,-0.010493303,2,E14 3FA
Isleworth,515570,176430,51.47503687,-0.337328758,4,TW7 4BX
Iver,503729,179898,51.5085013,-0.506740419,,SL0 9AU
Kenley,532400,160100,51.32460015,-0.101219712,6,CR8 5JA
Kennington,531660,178337,51.48866229,-0.105070613,2,SE11 4JQ
Kensal Green,523241,182784,51.53052385,-0.224713381,2,NW10 5JT
Kensal Rise,523501,183201,51.53421471,-0.220820976,2,NW10 3NT
Kensington (Olympia),524324,179178,51.49787936,-0.21037924,2,W14 0NE
Kent House,535999,170000,51.41271759,-0.045815553,4,BR3 1JF
Kentish Town,529029,185096,51.55000929,-0.140471263,2,NW5 2AA
Kentish Town West,528603,184700,51.54654773,-0.146756409,2,NW5 3LD
Kenton,516833,188304,51.58149577,-0.315216861,4,HA3 0XS
Kew Bridge,518898,178172,51.49000415,-0.28884649,3,TW8 0EF
Kew Gardens,519173,176708,51.47678867,-0.285381007,"3,4",TW9 3PZ
Kidbrooke,540999,175697,51.46269024,0.028300239,3,SE3 9NF
Kilburn,524589,184644,51.5469441,-0.204632717,2,NW6 7QL
Kilburn High Road,525553,183591,51.53726743,-0.191113104,2,NW6 7QL
Kilburn Park,525361,183349,51.53513522,-0.193966055,2,NW6 5AD
King George V,543231,180135,51.50200871,0.062206214,3,E16 2JF
King Henry's Drive,537978,162558,51.34536407,-0.020264757,"3,4,5,6",CR0 0LH
King's Cross,530312,182991,51.53079799,-0.122756421,1,N1 9AL
Kings Cross St. Pancras,530236,182935,51.53031226,-0.123872129,1,N1 9AL
Kingsbury,519361,188739,51.58487606,-0.278601604,4,NW9 9EG
Kingston,518244,169549,51.41264127,-0.301141035,6,KT1 1UJ
Kingswood,524816,156585,51.29472279,-0.211233224,6,KT20 6EN
Knightsbridge,527765,179650,51.50135464,-0.160664485,1,SW3 1ED
Knockholt,548499,162896,51.34575216,0.13083104,6,TN14 7HR
Ladbroke Grove,524284,181328,51.51721033,-0.21019817,2,W10 6HJ
Ladywell,537716,174884,51.45619211,-0.019244401,3,SE13 7XB
Lambeth North,531165,179489,51.49912977,-0.11176826,1,SE1 7XG
Lancaster Gate,526711,180796,51.51189066,-0.175429927,1,W2 4QH
Langdon Park,537807,181863,51.51888392,-0.015213799,2,E14 6NW
Langley,501299,179800,51.50806077,-0.541770556,,SL3 6DB
Latimer Road,523789,180954,51.51395774,-0.217459663,2,W10 6SZ
Lea Bridge,536175,187133,51.5666362,-0.036683158,3,E10 7PG
Lebanon Road,533385,165756,51.37519886,-0.084973649,"3,4,5,6",CR0 6SF
Lee,540002,174197,51.44945854,0.013364692,3,SE12 9JG
Leicester Square,529987,180812,51.51129097,-0.128242147,1,WC2H 0AP
Lewisham,538163,175863,51.4648807,-0.012432701,"2,3",SE13 7RY
Leyton,538295,186244,51.55813226,-0.006465332,3,E10 5PS
Leyton Midland Road,538150,187490,51.56936423,-0.008066347,3,E10 6JT
Leytonstone,539345,187429,51.56852231,0.009140452,"3,4",E11 1HE
Leytonstone High Road,539298,186903,51.56380736,0.008254469,3,E11 4RE
Limehouse,536150,181087,51.5123121,-0.039380078,2,E14 7JD
Liverpool Street,533160,181596,51.51759813,-0.082249622,1,EC2M 7PR
Lloyd Park,533711,164549,51.36427541,-0.080746273,"3,4,5,6",CR0 5RA
London Bridge,532937,180152,51.50467421,-0.086005598,1,SE1 2SW
London City Airport,542231,180294,51.50368975,0.047872716,3,E16 2DS
London Fields,534795,184212,51.54071875,-0.057699686,2,E8 3PH
Loughborough Junction,531902,175897,51.46667873,-0.102497341,2,SW9 8SA
Loughton,542314,195641,51.64157057,0.055279079,6,IG10 4PD
Lower Sydenham,536831,171372,51.42484679,-0.033330341,4,SE26 5AU
Maida Vale,525967,182792,51.52999476,-0.185432645,2,W9 1JS
Maidenhead,488724,180745,51.51866743,-0.722674911,,SL6 1EW
Malden Manor,521101,166497,51.38460911,-0.261120412,4,KT3 5PN
Manor House,532074,187482,51.57074699,-0.095684976,"2,3",N4 1BZ
Manor Park,541929,185757,51.55285443,0.04572387,"3,4",E12 5EP
Mansion House,532347,180962,51.5120916,-0.094197657,1,EC4N 6JD
Marble Arch,527875,181056,51.51396523,-0.158571215,1,W1C 2JS
Maryland,539175,184881,51.54566828,0.005681654,3,E15 1SA
Marylebone,527510,181985,51.5223964,-0.163492562,1,NW1 6JJ
Maze Hill,539194,177909,51.48301366,0.003204897,3,SE10 9XG
Meridian Water,535062,191741,51.60831171,-0.050959906,4,N18 3HF
Merton Park,525182,169798,51.41339128,-0.201342029,"3,4,5,6",SW19 3HA
Mile End,536577,182545,51.52531092,-0.032666084,2,E3 4DH
Mill Hill Broadway,521300,191900,51.61287072,-0.249537065,4,NW7 2JU
Mill Hill East,524057,191460,51.6083163,-0.20989571,4,NW7 1BS
Mitcham,527345,168082,51.39748834,-0.170871645,"3,4,5,6",CR4 4BD
Mitcham Eastfields,528488,169323,51.40838366,-0.154001717,3,CR4 2ND
Mitcham Junction,528292,167611,51.39304231,-0.157436642,4,CR4 4HN
Monument,532907,180814,51.51063028,-0.086188313,1,EC4R 9AA
Moor Park,508563,193509,51.62992996,-0.432913016,"6,7",HA6 2JQ
Moorgate,532688,181677,51.518437,-0.089017687,1,EC2M 6TX
Morden,525664,168563,51.40218564,-0.19485198,4,SM4 5AZ
Morden Road,525788,169310,51.40887158,-0.192805675,"3,4,5,6",SW19 3BX
Morden South,525301,167900,51.39630737,-0.20030156,4,SM4 5AN
Mornington Crescent,529193,183359,51.53436199,-0.138744349,2,NW1 2JA
Mortlake,520458,175779,51.4681675,-0.26720331,3,SW14 8LN
Motspur Park,522581,167724,51.39531924,-0.239439743,4,KT3 6JJ
Mottingham,542600,173197,51.43982506,0.050324202,4,SE9 4EN
Mudchute,537908,178789,51.49123616,-0.014959945,2,E14 9UW
Neasden,521415,185422,51.55462731,-0.250115042,3,NW10 1PH
New Addington,538187,162255,51.34259048,-0.017383327,"3,4,5,6",CR0 0DE
New Barnet,526502,195996,51.64853649,-0.172969712,5,EN5 1QT
New Beckenham,536718,170463,51.41670549,-0.035304949,4,BR3 1QW
New Cross,536750,177110,51.47642936,-0.032278811,2,SE14 6LD
New Cross Gate,536250,176967,51.47526487,-0.039529052,2,SE14 6AR
New Eltham,544005,172999,51.43769078,0.070444619,4,SE9 2AB
New Malden,521392,168612,51.40355549,-0.256218102,4,KT3 4PX
New Southgate,528672,192218,51.61409344,-0.143009775,4,N11 1QH
Newbury Park,544947,188378,51.57563851,0.090303158,4,IG2 7RN
Nine Elms,530058,177332,51.48000105,-0.128500983,1,SW8 2NA
Norbiton,519424,169495,51.41190889,-0.284199943,5,KT2 7AZ
Norbury,530650,169690,51.4111883,-0.122799401,3,SW16 3RW
North Acton,520831,181937,51.523432,-0.259729524,"2,3",W3 6UP
North Dulwich,532950,174567,51.45448167,-0.08791868,"2,3",SE21 7BX
North Ealing,518816,181243,51.51762182,-0.288993548,3,W5 3AF
North Greenwich,539168,179827,51.50025516,0.003586259,"2,3",SE10 0PH
North Harrow,513540,188578,51.58463071,-0.362632986,5,HA2 7SR
North Sheen,519132,175442,51.46541914,-0.286397462,3,TW9 4QA
North Wembley,517663,186198,51.5623958,-0.303948214,4,HA0 3NT
Northfields,517051,179296,51.50049116,-0.315064813,3,W13 9QU
Northolt,513228,184519,51.5482123,-0.368440588,5,UB5 4AA
Northolt Park,513829,185579,51.55761847,-0.359434189,5,UB5 4XE
Northumberland Park,534861,191035,51.60201565,-0.054132025,3,N17 0HY
Northwick Park,516634,187967,51.57850817,-0.318199386,4,HA3 0AT
Northwood,509236,191441,51.61121292,-0.423837776,6,HA6 2XL
Northwood Hills,510267,190305,51.60080198,-0.409311348,6,HA6 1NZ
Norwood Junction,534001,168193,51.3969542,-0.075209856,4,SE25 5AG
Notting Hill Gate,525296,180481,51.50937502,-0.195921616,"1,2",W11 3HT
Nunhead,535293,175975,51.4665799,-0.053679742,2,SE15 3XE
Oakleigh Park,527001,194800,51.63767609,-0.166194965,4,EN5 1BU
Oakwood,529349,195968,51.64763775,-0.131853539,5,N14 4UT
Ockendon,559004,182828,51.52199012,0.29048348,7,RM15 6PD
Old Street,532764,182474,51.52558133,-0.087622957,1,EC1V 9NR
Orpington,545500,165900,51.3735202,0.089028902,6,BR6 0SX
Osterley,514529,177094,51.48121624,-0.352096089,4,TW7 4PU
Oval,531108,177516,51.48141242,-0.113321075,2,SE11 4PP
Oxford Circus,529102,181227,51.51522317,-0.14083617,1,W1C 2JS
Paddington,526680,181185,51.5153935,-0.17573675,1,W2 1RH
Palmers Green,530925,192798,51.61878657,-0.110272499,4,N13 4PN
Park Royal,519074,182274,51.52683356,-0.284928913,3,W5 3EL
Parsons Green,525029,176645,51.47495983,-0.20112449,2,SW6 4HU
Peckham Rye,534152,176271,51.46951125,-0.069983553,2,SE15 5DQ
Penge East,535374,170791,51.41997526,-0.054495265,4,SE20 7BQ
Penge West,534952,170567,51.41806283,-0.060645764,4,SE20 8NU
Perivale,516404,183270,51.53634129,-0.323070416,4,UB6 7NP
Petts Wood,544440,167548,51.38859912,0.07448003,5,BR5 1LZ
Phipps Bridge,526534,168717,51.40337643,-0.182296787,"3,4,5,6",CR4 3QN
Piccadilly Circus,529612,180625,51.50969653,-0.133711596,1,W1J 9HS
Pimlico,529711,178386,51.48955265,-0.133108257,1,SW1V 2JA
Pinner,512233,189409,51.59236106,-0.381223782,5,HA5 5LZ
Plaistow,540058,183305,51.53128837,0.017780642,3,E13 0DY
Plumstead,544803,178820,51.48979257,0.084299617,4,SE18 7EA
Ponders End,536097,195599,51.64273064,-0.034525104,5,EN3 4LA
Pontoon Dock,541226,180102,51.50221627,0.033325708,3,E16 2SB
Poplar,537698,180603,51.50758804,-0.017275493,2,E14 0DS
Preston Road,518260,187292,51.57210325,-0.294972007,4,HA3 0PS
Prince Regent,541215,180905,51.50943461,0.033488574,3,E16 3HE
Pudding Mill Lane,537930,183585,51.53432784,-0.012768512,"2,3",E15 2PH
Purfleet,555417,178174,51.4811734,0.236774839,7,RM16 1PL
Purley,531500,161497,51.33736337,-0.113613517,6,CR8 2AP
Purley Oaks,532503,162594,51.34698918,-0.098815333,6,CR2 0ND
Putney,523992,175061,51.46095218,-0.216603371,"2,3",SW15 1RT
Putney Bridge,524476,175842,51.467865,-0.209365414,2,SW6 3UH
Queens Park,524612,183239,51.53431232,-0.204798147,2,NW6 6HJ
Queens Road Peckham,535015,176825,51.47428462,-0.057354979,2,SE15 2JR
Queensbury,518802,189728,51.59388251,-0.286331593,4,HA8 5NP
Queenstown Road,528763,176738,51.47495889,-0.147355311,2,SW8 3RX
Queensway,525883,180615,51.51044893,-0.187419901,1,W2 4SS
Rainham,552097,182099,51.51734083,0.190691978,6,RM13 9YH
Ravensbourne,538699,170201,51.41387037,-0.006937816,4,BR3 5HE
Ravenscourt Park,522558,178711,51.4940676,-0.23596923,2,W6 0UG
Rayners Lane,512979,187538,51.57539613,-0.371060806,5,HA5 5EG
Raynes Park,523206,169303,51.40937497,-0.229912936,4,SW20 8NE
Reading,471527,173813,51.45878457,-0.971877621,,RG1 1LZ
Rectory Road,534001,186199,51.55876337,-0.068385664,2,N16 7QB
Redbridge,541833,188371,51.57636699,0.045394044,4,IG4 5BG
Reedham,530835,160821,51.33144151,-0.123402624,6,CR8 2DG
Reeves Corner,531895,165726,51.37527703,-0.106379778,"3,4,5,6",CR0 1XP
Regents Park,528765,182174,51.52381044,-0.14534441,1,NW1 5HA
Richmond,518072,175174,51.46323239,-0.301739129,4,TW9 2AZ
Rickmansworth,505717,194605,51.64032224,-0.473684571,7,WD3 1QY
Riddlesdown,532497,161001,51.33267467,-0.099493667,6,CR8 1HN
Roding Valley,541612,192882,51.61695652,0.044026207,4,IG9 6LN
Romford,551377,188455,51.57464189,0.183055274,6,RM1 1SX
Rotherhithe,535239,179870,51.50159442,-0.052966296,2,SE16 4LF
Royal Albert,542029,180823,51.50849395,0.045177145,3,E16 2QD
Royal Oak,525764,181485,51.51829405,-0.188823672,2,W2 6ET
Royal Victoria,540139,180833,51.50905527,0.017965413,3,E16 1DE
Ruislip,509510,187102,51.57216123,-0.421234916,6,HA4 8LD
Ruislip Gardens,510367,185763,51.55995951,-0.409294101,5,HA4 6LG
Ruislip Manor,510088,187258,51.5734509,-0.412849344,6,HA4 9AA
Russell Square,530207,182122,51.52301284,-0.124590197,1,WC1N 1LG
Sanderstead,532855,162743,51.3482461,-0.0937085,6,CR2 0PL
Sandilands,533869,165749,51.37502215,-0.078026589,"3,4,5,6",CR0 5PN
Selhurst,532993,167636,51.39218563,-0.089899037,4,SE25 6LL
Seven Kings,545401,187095,51.56399351,0.096319575,4,IG3 8RE
Seven Sisters,533646,188927,51.58336204,-0.072466823,3,N15 5LA
Shadwell,534936,180942,51.51130006,-0.056919207,2,E1 2QE
Shenfield,561356,195022,51.63087364,0.329952271,7,CM15 8JD
Shepherds Bush,523741,179904,51.5045318,-0.218519157,2,W12 8LH
Shepherds Bush Market,523121,180039,51.50588034,-0.22740049,2,W12 7JD
Shoreditch High Street,533501,182258,51.5234667,-0.077087424,1,E1 6AW
Shortlands,539399,169300,51.40560237,0.002767544,4,BR2 0JA
Sidcup,546300,172698,51.43439863,0.10331536,5,DA15 7AW
Silver Street,533544,192472,51.61524236,-0.072589741,4,N18 1QX
Slade Green,552250,176584,51.46774797,0.19051839,6,DA8 2NX
Sloane Square,528080,178657,51.49235951,-0.156488856,1,SW1W 8BB
Slough,497838,180157,51.51187888,-0.591524825,,SL1 1XW
Snaresbrook,540161,188828,51.58089131,0.021463928,4,E11 1QE
South Acton,520166,179279,51.49968539,-0.270215203,3,W3 0DS
South Bermondsey,535156,178319,51.48767653,-0.054754821,2,SE16 2PL
South Croydon,532896,164358,51.36275005,-0.092517363,5,CR2 7PA
South Ealing,517605,179437,51.50164352,-0.307040239,3,W5 4QB
South Greenford,515462,182991,51.53402701,-0.336737475,4,UB6 2WE
South Hampstead,526425,184081,51.54147656,-0.178371198,2,NW8 0DJ
South Harrow,514334,186376,51.56467959,-0.351893964,5,HA2 8HN
South Kensington,526865,178817,51.49407108,-0.173923021,1,SW7 2NB
South Kenton,517350,187153,51.57104395,-0.308142972,4,HA9 8QT
South Merton,524917,168662,51.40324022,-0.205550299,4,SW20 9JT
South Quay,537636,179853,51.50086358,-0.018460693,2,E14 9SH
South Ruislip,511080,185437,51.55688965,-0.399115901,5,HA4 6TP
South Tottenham,533697,188599,51.58040247,-0.071855956,3,N15 6ND
South Wimbledon,525828,170033,51.4153604,-0.191974544,"3,4",SW19 1DE
South Woodford,540577,190026,51.59155266,0.027943078,4,E18 1JJ
Southall,512620,179804,51.50595629,-0.378711181,4,UB2 4AA
Southbury,534803,196199,51.64843364,-0.05298331,5,EN3 4HW
Southfields,524730,173291,51.44488298,-0.206609383,3,SW18 5RJ
Southgate,529675,194278,51.63237564,-0.127770046,4,N14 5BH
Southwark,531566,180025,51.50385345,-0.105794939,1,SE1 8NW
St Helier,525408,167191,51.38991184,-0.19901459,4,SM4 6SF
St James Street,536402,188694,51.58060861,-0.032804562,3,E17 7PJ
St Johns,537400,176298,51.46897526,-0.023240662,2,SE8 4EW
St Margarets,516732,174250,51.45520547,-0.321324242,4,TW1 2LH
St Mary Cray,546698,168298,51.39475959,0.1072179,6,BR5 3SN
St Pancras,530122,182959,51.5305542,-0.125505781,1,NW1 2QP
St. James's Park,529629,179503,51.49960958,-0.133878754,1,SW1H 0BD
St. Johns Wood,526742,183352,51.53485413,-0.174064839,2,NW8 6DN
St. Pauls,532105,181261,51.51483514,-0.097571,1,EC2V 6AA
Stamford Brook,521913,178738,51.49444957,-0.245246306,2,W6 0SB
Stamford Hill,533381,187928,51.57444748,-0.076668342,3,N16 5AG
Stanmore,517574,192569,51.61967295,-0.303099288,5,HA7 4PD
Star Lane,539148,182091,51.52060426,0.004191003,3,E16 4SR
Stepney Green,535566,182149,51.52199576,-0.047382523,2,E1 4AQ
Stockwell,530473,176470,51.47215906,-0.122846303,2,SW9 9AE
Stoke Newington,533710,186845,51.56463749,-0.072335394,2,N16 6YA
Stonebridge Park,519690,184197,51.54398611,-0.275400437,3,NW10 0RW
Stoneleigh,522021,164155,51.36336365,-0.248709653,5,KT17 2JA
Stratford,538533,184421,51.54169258,-0.003751641,3,E15 1AZ
Stratford High Street,538729,184032,51.53814895,-0.001080356,3,E15 3PA
Stratford International,538175,184758,51.54480852,-0.008778434,3,E15 2LZ
Strawberry Hill,515500,172502,51.43974728,-0.339617724,5,TW1 4PP
Streatham,529946,171303,51.42584565,-0.132325496,3,SW16 6HP
Streatham Common,529729,170534,51.41898445,-0.135726164,3,SW16 5NT
Streatham Hill,530233,172714,51.43846016,-0.127681481,3,SW2 4PA
Sudbury and Harrow Road,516853,185300,51.55449327,-0.315926236,4,HA0 2HA
Sudbury Hill,515427,185584,51.55733901,-0.336392109,4,HA1 3RA
Sudbury Hill Harrow,515490,185697,51.55834173,-0.335446687,4,HA1 3RJ
Sudbury Town,516832,184955,51.55139693,-0.31634348,4,HA0 2LA
Sundridge Park,540599,170200,51.41339384,0.020365109,4,BR1 3TR
Surbiton,518070,167315,51.39259904,-0.304384554,6,KT6 4PE
Surrey Quays,535641,178954,51.49326678,-0.047529988,2,SE16 2UE
Sutton,526028,163823,51.35950582,-0.191302009,5,SM1 1JA
Sutton Common,525593,165598,51.37555437,-0.19691991,4,SM1 3HY
Swiss Cottage,526611,184259,51.54303456,-0.175626603,2,NW3 6HY
Sydenham,535311,171609,51.42734116,-0.055088671,3,SE26 5EU
Sydenham Hill,533548,172145,51.43257576,-0.080230208,3,SE21 7HW
Syon Lane,516306,177163,51.48147416,-0.326495028,4,TW7 5NT
Tadworth,523097,156199,51.29162748,-0.236008013,6,KT20 5SP
Taplow,491579,181340,51.52356084,-0.681384851,,SL6 0NU
Tattenham Corner,522593,158140,51.30918092,-0.242566269,6,KT18 5PR
Teddington,516019,170817,51.42449695,-0.332705331,6,TW11 9AA
Temple,530995,180810,51.51104042,-0.11372575,1,WC2R 2PH
Thames Ditton,515721,166818,51.38861552,-0.338292831,6,KT7 0PA
Theobalds Grove,535933,201119,51.69237253,-0.034748134,7,EN8 7BG
Therapia Lane,530290,166843,51.38568558,-0.129017106,"3,4,5,6",CR0 3DD
Theydon Bois,545509,199180,51.67255225,0.102890737,6,CM16 7EU
Thornton Heath,532242,168317,51.39848092,-0.100433165,4,CR7 8RX
Tolworth,519834,165603,51.37684286,-0.27962011,5,KT5 9NU
Tooting,527969,170591,51.41989637,-0.161002471,3,SW17 9JR
Tooting Bec,528015,172366,51.4358378,-0.159700491,3,SW17 9AH
Tooting Broadway,527415,171373,51.42704887,-0.168684526,3,SW17 0SU
Tottenham Court Road,529774,181354,51.51621066,-0.131110438,1,W1D 2DA
Tottenham Hale,534483,189465,51.58799768,-0.060187822,3,N17 9LR
Totteridge and Whetstone,526111,193951,51.63024643,-0.179354261,4,N20 9QP
Tower Gateway,533725,180809,51.51039252,-0.074409877,1,EC3N 1JL
Tower Hill,533566,180805,51.51039415,-0.076701198,1,EC3N 4DJ
Tufnell Park,529200,185816,51.55644058,-0.137742174,2,N19 5QB
Tulse Hill,531797,172903,51.43979726,-0.105122508,3,SE27 9BW
Turkey Street,535129,198903,51.67265359,-0.047229931,6,EN3 5TT
Turnham Green,521267,178804,51.49518153,-0.254524564,2,W4 1LR
Turnpike Lane,531524,189650,51.59035797,-0.102805041,3,N15 3NX
Twickenham,516221,173687,51.45025041,-0.32886022,5,TW1 1BD
Twyford,479041,175787,51.47553253,-0.863306993,,RG10 9NA
Upminster,556167,186833,51.55876377,0.251400805,6,RM14 2TD
Upminster Bridge,555002,186681,51.55771919,0.234541892,6,RM12 6PL
Upney,545844,184260,51.53840582,0.101531745,4,IG11 9LS
Upper Holloway,529778,186630,51.5636231,-0.129109363,2,N19 4DJ
Upper Warlingham,534100,158383,51.30877213,-0.077481662,6,CR3 0EP
Upton Park,541204,183931,51.53662826,0.03454184,3,E13 9AP
Uxbridge,505698,184161,51.54645373,-0.477101546,6,UB8 1JZ
Vauxhall,530366,177978,51.4857356,-0.123829952,"1,2",SW8 1SR
Victoria,528941,179131,51.49642372,-0.143920705,1,SW1E 5JX
Waddon,531151,164828,51.36737907,-0.117394076,5,CR0 4NA
Waddon Marsh,531082,165906,51.37708276,-0.117987464,"3,4,5,6",CR0 4XT
Wallington,528841,163985,51.3603313,-0.150863834,5,SM6 0DZ
Waltham Cross,536520,200343,51.68525722,-0.026564257,7,EN8 7LU
Walthamstow Central,537286,188986,51.58301808,-0.019940545,3,E17 7LP
Walthamstow Queens Road,537020,188815,51.58154616,-0.023843943,3,E17 7QZ
Wandle Park,531422,165505,51.37340053,-0.11325332,"3,4,5,6",CR0 4JS
Wandsworth Common,527719,173530,51.44636534,-0.163536979,3,SW12 8NL
Wandsworth Road,529354,176226,51.47022298,-0.139037675,2,SW8 4PA
Wandsworth Town,525985,175119,51.46103377,-0.187910036,2,SW18 1SU
Wanstead,540685,188176,51.5749022,0.028760472,4,E11 2NT
Wanstead Park,540592,185600,51.55177812,0.026389943,3,E7 0HU
Wapping,535030,180170,51.50434023,-0.055860814,2,E1W 3PA
Warren Street,529253,182272,51.52457976,-0.138278331,1,NW1 3AA
Warwick Avenue,526158,182030,51.52310414,-0.182953291,2,W9 2PT
Waterloo,531050,179933,51.50314646,-0.113259251,1,SE1 7NY
Waterloo East,531332,180054,51.50416843,-0.109153637,1,SE1 8NH
Watford,509579,196610,51.65760442,-0.417269997,7,WD18 7LE
Watford High Street,511360,196098,51.65265307,-0.39169672,8,WD17 2EG
Watford Junction,511023,197340,51.66388237,-0.396171948,,WD17 1ET
Wellesley Road,532511,165752,51.37536738,-0.097524908,"3,4,5,6",CR0 2DD
Welling,546096,176073,51.46477726,0.101775039,4,DA16 3AT
Wembley Central,518214,185039,51.5518643,-0.296392322,4,HA9 6AG
Wembley Park,519373,186341,51.563322,-0.279242548,4,HA9 9AA
Wembley Stadium,518924,185366,51.5546541,-0.286046442,4,HA9 8BQ
West Acton,519394,181273,51.51776969,-0.280657171,3,W3 6UP
West Brompton,525383,178030,51.4873286,-0.19553881,2,SW5 9JX
West Croydon,532188,166098,51.37855201,-0.102034292,5,CR0 2TA
West Drayton,506124,180122,51.51007045,-0.472176084,6,UB7 9DY
West Dulwich,532798,173053,51.44091168,-0.090672676,3,SE21 8HN
West Ealing,516690,180749,51.51362468,-0.319782949,3,W13 0NQ
West Finchley,525507,191601,51.60926242,-0.188917107,4,N3 1NT
West Ham,539202,182974,51.52852553,0.005317394,3,E15 3BN
West Hampstead,525524,184726,51.54747402,-0.191126583,2,NW6 2LX
West Hampstead Thameslink,525423,184852,51.54862881,-0.192537518,2,NW6 1XJ
West Harrow,514163,187957,51.57892366,-0.35384669,5,HA1 4HE
West India Quay,537471,180505,51.50676263,-0.020582447,2,E14 4ED
West Kensington,524635,178321,51.49010903,-0.206203692,2,W14 9NL
West Norwood,531956,171955,51.43124095,-0.103189134,3,SE27 0HS
West Ruislip,508364,186791,51.56958716,-0.437860134,6,HA4 7WD
West Silvertown,540455,180155,51.50288447,0.022246047,3,E16 2AT
West Sutton,525081,164539,51.3661498,-0.204644546,5,SM1 2EH
West Wickham,538266,166563,51.38128418,-0.01457633,5,BR4 0PY
Westbourne Park,524920,181764,51.52098851,-0.200882513,2,W11 1AB
Westcombe Park,540199,178103,51.48450893,0.0177457,3,SE3 7EQ
Westferry,537064,180814,51.50963811,-0.026323137,2,E14 8AD
Westminster,530240,179718,51.50140139,-0.125002078,1,SW1A 2JR
White City,523296,180750,51.51223207,-0.224631929,2,W12 7RH
White Hart Lane,533693,191340,51.60503466,-0.070870327,3,N17 7RP
Whitechapel,534738,181859,51.51958769,-0.059420485,2,E1 1BY
Whitton,514220,173568,51.44958761,-0.357682053,5,TW2 7LG
Whyteleafe,533842,158505,51.30992919,-0.081135165,6,CR3 0AD
Whyteleafe South,534169,157797,51.30348968,-0.076712514,6,CR3 0BD
Willesden Green,523350,184884,51.54937292,-0.222407601,"2,3",NW2 4QT
Willesden Junction,521905,182942,51.53223357,-0.24390914,3,NW10 4RA
Wimbledon,524791,170647,51.42110751,-0.206662833,3,SW19 1PS
Wimbledon Chase,524306,169347,51.40953058,-0.214089767,3,SW20 8DB
Wimbledon Park,525274,172158,51.43458063,-0.199186273,3,SW19 7DZ
Winchmore Hill,531529,194494,51.6338867,-0.100916933,4,N21 3NG
Wood Green,531038,190427,51.59745355,-0.109526589,3,N22 8HH
Wood Lane,523314,180464,51.50965783,-0.224472606,2,W12 7DS
Wood Street,538521,189426,51.58666994,-0.001953898,4,E17 3NZ
Woodford,540952,191778,51.6072019,0.034056202,4,IG8 7QE
Woodgrange Park,541861,185332,51.54905261,0.044572496,"3,4",E7 8AA
Woodmansterne,528720,159385,51.31901833,-0.154262127,6,CR5 3HS
Woodside,534716,167115,51.38709758,-0.065347178,"3,4,5,6",SE25 5DP
Woodside Park,525725,192564,51.6178681,-0.185425503,4,N12 8SE
Woolwich,543931,178994,51.4915785,0.071819379,4,SE18 6EU
Woolwich Arsenal,543754,178803,51.48990723,0.069193907,4,SE18 6HX
Woolwich Dockyard,542738,178908,51.49110789,0.054612348,3,SE18 5JY
Worcester Park,522192,166133,51.38110409,-0.245575288,4,KT4 7ND