,NLC,Station,En/Ex 2007,En/Ex 2008,En/Ex 2009,En/Ex 2010,En/Ex 2011,En/Ex 2012,En/Ex 2013,En/Ex 2014,En/Ex 2015,En/Ex 2016,En/Ex 2017,En/Ex 2018,En/Ex 2019,En/Ex 2020,En/Ex 2021,LINES,NETWORK,London Underground,Elizabeth Line,London Overground,DLR,Night Tube?
0,500.0,Acton Town,5773625.0,5816798.0,5459521.0,5428316.0,5462387.0,5584934.0,5748994.0,6059017.0,6235045.0,6274649.0,5731527.0,5794685.0,6186555.0,3568528.0,2902697.0,"District, Piccadilly",London Underground,Yes,,,,Yes
1,501.0,Barbican,9558748.0,10030975.0,9261249.0,8873092.0,9228704.0,9850562.0,10464425.0,11444738.0,11283478.0,11973122.0,11303155.0,11160091.0,10467974.0,2537108.0,3467856.0,"Circle, Hammersmith & City, Metropolitan",London Underground,Yes,,,,No
2,502.0,Aldgate,5572412.0,6243135.0,5974176.0,6026534.0,6235513.0,6647283.0,6877712.0,7221566.0,7527810.0,8009494.0,8459234.0,9218140.0,9956600.0,2775844.0,3525128.0,"Circle, Metropolitan",London Underground,Yes,,,,No
3,503.0,Aldgate East,7657338.0,8152761.0,9047885.0,8974956.0,9157483.0,10134021.0,11663144.0,12248009.0,12839311.0,13434630.0,13262408.0,13707738.0,14148654.0,3144899.0,5611130.0,"District, Hammersmith & City",London Underground,Yes,,,,No
4,505.0,Alperton,3005522.0,3072270.0,3044399.0,2942987.0,2945259.0,2893236.0,2956888.0,3171235.0,3205455.0,3174845.0,2896391.0,2796159.0,2858439.0,2064990.0,1345253.0,Piccadilly,London Underground,Yes,,,,No
5,506.0,Amersham,2341347.0,2171944.0,2088199.0,2109415.0,2099560.0,2097954.0,2041138.9999999998,2439993.0,2287149.0,2360700.0,2215502.0,2130207.0,2350099.0,863361.0,946577.0,Metropolitan,London Underground,Yes,,,,No
6,507.0,Angel,16625983.999999998,17824269.0,18051985.0,17821157.0,17775047.0,18578717.0,18930868.0,19217171.0,19756365.0,20100806.0,18236123.0,17661269.0,17705761.0,5255371.0,7258744.0,Northern,London Underground,Yes,,,,No
7,508.0,Archway,7738419.0,8236817.999999999,8048465.0,8053512.0,8081810.000000001,8059174.000000001,8169485.999999999,8943726.0,9794439.0,9940993.0,8806365.0,8608964.0,8772643.0,4429802.0,4027456.0,Northern,London Underground,Yes,,,,Yes
8,509.0,Arnos Grove,4314491.0,4250148.0,4311751.0,4096044.0,4159371.0,4155802.0000000005,4479004.0,4713904.0,4550587.0,4645869.0,4372042.0,4263555.0,4436265.0,2340827.0,1963343.0,Piccadilly,London Underground,Yes,,,,Yes
9,510.0,Arsenal,2734787.0,3212954.0,3051762.0,2977319.0,3067815.0,3017544.0,3091593.0,2900614.0,2802635.0,3012524.0,2671088.0,2651488.0,2768340.0,999026.0,1209093.0,Piccadilly,London Underground,Yes,,,,Yes
10,511.0,Baker Street,24009889.0,24605375.0,25636684.0,26275325.0,27017574.0,27744272.0,28097997.0,32175421.999999996,29379132.0,29754860.0,27340420.0,27349471.0,28073310.0,8475976.0,11147642.0,"Bakerloo, Circle, Jubilee, Hammersmith & City, Metropolitan",London Underground,Yes,,,,Yes
11,512.0,Balham LU,11336548.0,11560006.0,11549624.0,10897161.0,11459978.0,11904117.0,12051320.0,13471439.0,14178948.0,14637993.0,13584305.0,12706683.0,13064682.0,5241275.0,5356512.0,Northern,London Underground,Yes,,,,Yes
12,513.0,Bank and Monument,41882819.0,42823864.0,40655415.0,43495766.0,47804941.0,47749950.0,48884756.0,52306067.0,57512971.0,64262200.00000001,90922111.0,86393639.0,92291003.0,15625280.0,30132853.0,"Central, Circle, District, DLR, Northern, Waterloo & City",London Underground,Yes,,,Yes,Yes
13,514.0,Barking,12787835.0,11676598.0,13045782.0,13719922.0,13955938.0,14514735.0,15224058.0,15592496.0,16055212.0,15860320.0,19511102.0,20580625.0,21622036.0,17562493.0,11353650.0,"District, Hammersmith & City, London Overground",London Underground,Yes,,Yes,,No
14,515.0,Barkingside,859251.0,952740.0,975225.0,1080144.0,1156751.0,1118756.0,1241272.0,1351966.0,1406286.0,1633262.0,1543740.0,1557996.0,1575379.0,915270.0,647203.0,Central,London Underground,Yes,,,,Yes
15,516.0,Barons Court,6698321.0,6778341.0,6349273.0,6456132.0,6535580.0,6809659.0,7155458.0,7500664.0,7295186.0,7207423.0,6769847.0,6689966.0,6821846.0,3127255.0,2900237.0,"District, Piccadilly",London Underground,Yes,,,,Yes
16,517.0,Bayswater,6042651.0,5982534.0,6439576.0,5519178.0,5100938.0,5541858.0,5493688.0,5691226.0,5219590.0,4756028.0,4437691.0,4335552.0,4253914.0,1086943.0,1498957.0,"Circle, District",London Underground,Yes,,,,No
17,518.0,Becontree,2314840.0,2547549.0,2420863.0,2493471.0,2759530.0,2837652.0,3039868.0,3395647.0,3490288.0,3545530.0,3458723.0,3477091.0,3461331.0,2756262.0,1759768.0,District,London Underground,Yes,,,,No
18,519.0,Belsize Park,5632841.0,6144764.0,6080640.0,6168717.0,5747717.0,5806568.0,5842725.0,5927817.0,6155599.0,6482865.0,5926276.0,5811597.0,5679733.0,2769409.0,2609939.0,Northern,London Underground,Yes,,,,Yes
19,520.0,Bethnal Green LU,14095386.0,14272056.0,15110104.0,15059643.0,15086509.0,15055906.0,15272389.0,16076636.0,16164736.999999998,16272340.0,14720488.0,14171711.0,14920047.0,6849607.0,6322604.0,Central,London Underground,Yes,,,,Yes
20,521.0,Blackfriars LU,12621265.0,13137897.0,0.0,0.0,0.0,9282172.0,12087967.0,13142562.0,13702647.0,15449362.0,14159864.0,14288212.0,15533461.0,2894042.0,4795990.0,"Circle, District",London Underground,Yes,,,,No
21,522.0,Blackhorse Road,6178833.0,6093247.0,5679321.0,6101764.0,6468586.0,7304059.0,7898300.0,8633193.0,8360092.0,8452553.0,10946261.0,11515668.0,12365373.0,7413637.0,6536601.0,"London Overground, Victoria",London Underground,Yes,,Yes,,Yes
22,524.0,Bond Street,36695785.0,36406455.0,36850571.0,36868627.0,36022087.0,38065150.0,39648205.0,19799777.0,37119274.0,39528650.0,36853006.0,36165875.0,37487361.0,9682506.0,15694939.0,"Central, Jubilee, TfL Rail",London Underground,Yes,Yes,,,Yes
23,525.0,Borough,4138441.0000000005,4140747.0,4869438.0,5088277.0,4573373.0,4840588.0,4887560.0,5309004.0,5358351.0,5873875.0,5581683.0,5413775.0,5547448.0,1471942.0,2066434.0,Northern,London Underground,Yes,,,,No
24,526.0,Boston Manor,1863704.0,1983961.0,1934689.0,1872411.0,1887897.0,1951651.0,2077572.0,2278211.0,2242854.0,2322687.0,2170793.0,2066569.0,2185122.0,1041242.0,879895.0,Piccadilly,London Underground,Yes,,,,Yes
25,527.0,Bounds Green,5497937.0,5777529.0,5554259.0,5302175.0,5592642.0,5738629.0,6161808.0,6564869.0,6462300.0,6615420.0,6057231.0,5749650.0,5990306.0,2953366.0,2509255.0,Piccadilly,London Underground,Yes,,,,Yes
26,528.0,Bow Road,4590692.0,5315977.0,5083967.0,5302929.0,5081976.0,5180394.0,5601781.0,5765573.0,6102443.0,5645547.0,5362773.0,5327619.0,5229778.0,2660676.0,2257180.0,"District, Hammersmith & City",London Underground,Yes,,,,No
27,529.0,Brent Cross,1892404.0,2190859.0,2142167.0,2137758.0,2209328.0,2125797.0,2135435.0,2400107.0,2566618.0,2493412.0,2392436.0,2396791.0,2406723.0,1348186.0,1071927.0,Northern,London Underground,Yes,,,,Yes
28,530.0,Bromley-by-Bow,2652435.0,2745801.0,2406403.0,2620645.0,2750832.0,2628177.0,3210211.0,3414885.0,3685840.0,3789045.0,3569032.0,4093177.0,4229591.0,2575616.0,2030519.0,"District, Hammersmith & City",London Underground,Yes,,,,No
29,531.0,Buckhurst Hill,1548767.0,1597036.0,1721626.0,1794127.0,1849690.0,1910147.0,1943928.0,2061303.0,2063838.0,2188937.0,2195929.0,1844536.0,1856050.0,862044.0,1072751.0,Central,London Underground,Yes,,,,Yes
30,532.0,Burnt Oak,3173136.0,3513361.0,3643813.0,3680047.0,3787725.0,3623525.0,3614445.0,4083381.0,4383772.0,4519973.0,4264418.0,4208566.0,4190341.0,2926900.0,1912270.0,Northern,London Underground,Yes,,,,Yes
31,534.0,Caledonian Road,5333034.0,4932319.0,5083008.0,5091188.0,5273722.0,5250363.0,5939278.0,6003408.0,6126683.0,5725549.0,5426372.0,5226968.0,5603533.0,2343114.0,2421295.0,Piccadilly,London Underground,Yes,,,,Yes
32,535.0,Camden Town,18777443.0,19643233.0,19673751.0,20962210.0,20985400.0,21614759.0,22515351.0,23369124.0,21898497.0,22884901.0,21239992.0,19628395.0,20499697.0,5509540.0,9118497.0,Northern,London Underground,Yes,,,,Yes
33,536.0,Cannon Street LU,4109346.9999999995,4540496.0,3932511.0,3947306.0,4047494.0000000005,4088479.9999999995,4644524.0,5299813.0,7485065.0,8983249.0,8996282.0,7399745.0,7108243.0,1559861.0,2147772.0,"Circle, District",London Underground,Yes,,,,No
34,537.0,Canons Park,1536223.0,1560563.0,1646258.0,1613367.0,1815525.0,1983360.0,2378098.0,2597229.0,2786006.0,2925484.0,2918453.0,2893090.0,2981768.0,1501564.0,1249231.0,Jubilee,London Underground,Yes,,,,Yes
35,539.0,Chalfont & Latimer,1307003.0,1190880.0,1107806.0,1095488.0,1188207.0,1267837.0,1111515.0,1476940.0,1437534.0,1488465.0,1594941.0,1789548.0,1766734.0,818368.0,736602.0,Metropolitan,London Underground,Yes,,,,No
36,540.0,Chalk Farm,4651929.0,4853951.0,5393268.0,5253384.0,4937923.0,5340369.0,5550362.0,5893313.0,5752495.0,5608603.0,5556107.0,5232138.0,5448344.0,1661516.0,2195398.0,Northern,London Underground,Yes,,,,Yes
37,541.0,Chancery Lane,14770603.0,15385542.0,14788758.0,15282247.0,16035269.0,15898206.0,16523655.000000002,16592089.999999998,16355373.0,18189655.0,16775017.0,17033055.0,17253849.0,3405923.0,5469516.0,Central,London Underground,Yes,,,,Yes
38,542.0,Embankment,19973153.0,20847113.0,19829894.0,20213300.0,19789934.0,19884719.0,20151962.0,19661756.0,21562479.0,26844711.0,21002144.0,20303286.0,20963697.0,4055183.0,8251813.0,"Bakerloo, Circle, District, Northern",London Underground,Yes,,,,Yes
39,543.0,Chesham,431532.0,449780.0,427435.0,464042.0,617120.0,652941.0,689840.0,813242.0,875261.0,1069954.0,1081174.0,1121663.0,1170792.0,616342.0,507495.0,Metropolitan,London Underground,Yes,,,,No
40,544.0,Chigwell,379676.0,406177.0,396920.0,440760.0,459125.0,486629.0,520702.0,534259.0,559061.0,531799.0,477501.0,503402.0,524833.0,247222.0,192328.0,Central,London Underground,Yes,,,,No
41,545.0,Chiswick Park,2222808.0,2047946.0,1945744.0,1925876.0,1969078.0,2096264.0000000002,2123339.0,2394985.0,2148469.0,2292764.0,2138042.0,2090004.0,2443330.0,1067866.0,1013033.0,District,London Underground,Yes,,,,No
42,546.0,Chorleywood,998828.0,863869.0,859496.0,850080.0,906215.0,1008639.0000000001,985762.0,1056777.0,1137678.0,1070254.0,1469208.0,1402308.0,1492279.0,769367.0,803805.0,Metropolitan,London Underground,Yes,,,,No
43,547.0,Clapham Common,8770323.0,9049110.0,8974193.0,8972239.0,9055568.0,9214447.0,8938504.0,8938345.0,10072099.0,10043328.0,9926782.0,9711927.0,9644363.0,4500440.0,4712092.0,Northern,London Underground,Yes,,,,Yes
44,548.0,Clapham North,5710997.0,5849119.0,5571082.0,5654465.0,5826772.0,5822763.0,6169702.0,6668320.0,7026138.0,6903645.0,6498663.0,6009179.0,6136734.0,2868042.0,3273797.0,Northern,London Underground,Yes,,,,Yes
45,549.0,Clapham South,7379611.0,7599107.0,7533922.0,7480900.0,7817425.0,7797633.0,7584358.0,8470361.0,8584904.0,8797066.0,8205230.0,7977126.0,8095216.0,3382641.0,3758231.0,Northern,London Underground,Yes,,,,Yes
46,550.0,Cockfosters,1632508.0,1764804.0,1674679.0,1669304.0,1721307.0,1805737.0,1969644.0,1945096.0,1847585.0,2040080.0,1828835.0,1779062.0,1864419.0,886857.0,836566.0,Piccadilly,London Underground,Yes,,,,Yes
47,551.0,Colindale,3790294.0,4100076.9999999995,4092349.9999999995,3934526.0,4126576.0,4270547.0,4536889.0,5397362.0,5946531.0,6227278.0,6781366.0,7109001.0,7700808.0,4335294.0,3432152.0,Northern,London Underground,Yes,,,,Yes
48,552.0,Colliers Wood,5236159.0,5481712.0,5295083.0,5563220.0,5574812.0,5681757.0,5786354.0,6312901.0,6515664.0,6715162.0,6346134.0,6398401.0,6836968.0,3666803.0,3024060.0,Northern,London Underground,Yes,,,,Yes
49,553.0,Covent Garden,12742497.0,17512618.0,18710061.0,19601670.0,20279268.0,21292698.0,21165350.0,15382692.0,14669250.0,17188811.0,16524381.0,15756864.0,16550043.0,1621548.0,7484432.0,Piccadilly,London Underground,Yes,,,,Yes
50,554.0,Croxley,729529.0,749237.0,778399.0,781132.0,818349.0,891178.0,921058.0,1030296.0000000001,1059406.0,1078029.0,1078929.0,1062083.0,1121607.0,515420.0,487950.0,Metropolitan,London Underground,Yes,,,,No
51,555.0,Dagenham East,2091664.0000000002,2144847.0,2161884.0,2114481.0,2222392.0,2288282.0,2418659.0,2662063.0,2858892.0,2976440.0,2850852.0,2889563.0,2953138.0,2490581.0,1496282.0,District,London Underground,Yes,,,,No
52,556.0,Dagenham Heathway,3724772.0,4081804.0,4239210.0,4204570.0,4710937.0,4912327.0,5156354.0,5800005.0,6065247.0,6043690.0,5779848.0,5763663.0,5853372.0,4552421.0,2869564.0,District,London Underground,Yes,,,,No
53,557.0,Debden,1776413.0,1761946.0,1895992.0,2022055.0,2121108.0,2198209.0,2298091.0,2476133.0,2462500.0,2469953.0,2356317.0,2377124.0,2380050.0,1512812.0,1106863.0,Central,London Underground,Yes,,,,No
54,558.0,Dollis Hill,3799620.0,3658275.0,3292754.0,3000811.0,3076494.0,3181564.0,3231810.0,3079019.0,3085602.0,4180094.0000000005,4033111.0,3853604.0,4016751.0,2754026.0,1865453.0,Jubilee,London Underground,Yes,,,,Yes
55,560.0,Ealing Broadway,17527677.0,17864990.0,16621251.0,16512739.0,16091415.000000002,16089675.0,16640277.999999998,17380138.0,16840132.0,18604788.0,15947455.0,18435715.0,19036772.0,8852929.0,8307429.0,"Central, District, TfL Rail",London Underground,Yes,Yes,,,Yes
56,561.0,Ealing Common,3418822.0,3396396.0,3194100.0,3202138.0,3248444.0,3235644.0,3340949.0,3569884.0,3516563.0,3177674.0,3030959.0,3035829.0,3068294.0,1610901.0,1308100.0,"District, Piccadilly",London Underground,Yes,,,,No
57,562.0,Earl's Court,20860682.0,20425800.0,19693008.0,21205003.0,20965776.0,21026733.0,21266746.0,22005021.0,20501361.0,19998114.0,18918916.0,18512627.0,19127125.0,7898110.0,8396552.0,"District, Piccadilly",London Underground,Yes,,,,Yes
58,563.0,East Acton,3643990.0,3898147.0,3514320.0,3410281.0,3408355.0,3473199.0,3881384.0,4016859.0,4009432.9999999995,4122792.9999999995,3872967.0,3866457.0,4081695.0,2726902.0,1326939.0,Central,London Underground,Yes,,,,Yes
59,564.0,Eastcote,2352457.0,2456081.0,2412104.0,2347552.0,2432119.0,2517541.0,2628771.0,2758170.0,2833742.0,2943186.0,2867252.0,2791569.0,2825453.0,1365559.0,1187714.0,"Metropolitan, Piccadilly",London Underground,Yes,,,,No
60,565.0,East Finchley,5712898.0,5946420.0,5828206.0,6231882.0,6291627.0,6304646.0,6558418.0,7323942.0,7342555.0,7470306.0,6953760.0,6637732.0,6866724.0,2870898.0,2809498.0,Northern,London Underground,Yes,,,,Yes
61,566.0,East Ham,12378046.0,12670617.0,12680742.0,13118180.0,13365416.0,13312177.0,13581725.0,14816407.0,15094316.0,14746847.0,13938124.0,13246713.0,13011044.0,8485806.0,5966757.0,"District, Hammersmith & City",London Underground,Yes,,,,No
62,567.0,East Putney,5774841.0,5806866.0,5608638.0,4924570.0,4930995.0,5331607.0,5652154.0,6140774.0,5995120.0,6369310.0,5875905.0,6109009.0,6445888.0,3056532.0,3007533.0,District,London Underground,Yes,,,,No
63,568.0,Edgware,3459673.0,3716011.0,4334651.0,4394459.0,4372808.0,4083055.0,4090187.0000000005,4585383.0,4776513.0,5188838.0,5013738.0,4842434.0,4922141.0,2815355.0,2278683.0,Northern,London Underground,Yes,,,,Yes
64,569.0,Edgware Road (DIS),5992876.0,6039515.0,6800343.0,5885942.0,5937083.0,6311978.0,8194414.999999999,7330752.0,7210074.0,6963367.0,6801573.0,6743070.0,6737179.0,2835355.0,2838710.0,"Circle, District, Hammersmith & City",London Underground,Yes,,,,No
65,570.0,Elephant & Castle LU,17132279.0,18536376.0,18325234.0,18226123.0,17717370.0,17959946.0,17674326.0,18482055.0,19088917.0,23295457.0,20987746.0,19132578.0,19754830.0,8559895.0,7881463.0,"Northern, Bakerloo",London Underground,Yes,,,,No
66,571.0,Elm Park,2236093.0,2395057.0,2389794.0,2333965.0,2443469.0,2493005.0,2628329.0,2992367.0,3004341.0,3096321.0,3122720.0,3076370.0,3143319.0,2007136.0,1406370.0,District,London Underground,Yes,,,,No
67,572.0,Epping,2300707.0,2480435.0,2780380.0,2864072.0,3095119.0,3029117.0,3144293.0,3071273.0,3330335.0,3770408.0,3778082.0,4048867.0,4084533.0,1909072.0,1890743.0,Central,London Underground,Yes,,,,No
68,574.0,Euston LU,25783341.0,28125051.0,31123724.0,33573987.0,35324569.0,37526909.0,38026531.0,41331265.0,42159332.0,43099154.0,40735345.0,39254276.0,41092380.0,8794406.0,15882123.0,"Northern, Victoria",London Underground,Yes,,,,Yes
69,575.0,Euston Square,9958819.0,10584757.0,10709239.0,10030805.0,10885783.0,11358790.0,12358617.0,14328440.0,14878866.0,14395409.0,13495131.0,13858401.0,14119388.0,3668927.0,5263980.0,"Circle, Hammersmith & City, Metropolitan",London Underground,Yes,,,,No
70,576.0,Fairlop,696707.0,803974.0,826818.0,843647.0,922346.0,906250.0,966835.0,1088742.0,1134269.0,1197309.0,1179427.0,1181967.0,1248117.0,687862.0,541194.0,Central,London Underground,Yes,,,,Yes
71,577.0,Farringdon,18284982.0,18835943.0,15674901.0,16812389.0,19024321.0,20402371.0,21764657.0,23628728.0,23775738.0,15874802.0,19325838.0,25016753.0,25924012.0,5899244.0,8497573.0,"Circle, Hammersmith & City, Metropolitan, TfL Rail",London Underground,Yes,Yes,,,No
72,578.0,Finchley Central,4941846.0,5053947.0,5119310.0,5312454.0,5494164.0,5507100.0,5332385.0,5676484.0,5779925.0,6949909.0,6859802.0,8075893.0,8485023.0,3718793.0,3523038.0,Northern,London Underground,Yes,,,,Yes
73,579.0,Finchley Road,9778138.0,10177917.0,9308551.0,8846550.0,8976869.0,9366745.0,9898800.0,10061287.0,9951123.0,9998400.0,9134559.0,9124495.0,9187606.0,4696641.0,3908195.0,"Metropolitan, Jubilee",London Underground,Yes,,,,Yes
74,580.0,Finsbury Park,24801026.0,26299025.0,23213512.0,23461314.0,24288678.0,26036007.0,27072271.0,27995495.0,28847088.0,32738968.0,29633479.0,31540207.0,33396270.0,15817399.0,14048632.0,"Piccadilly, Victoria",London Underground,Yes,,,,Yes
75,581.0,Fulham Broadway,10291098.0,9634101.0,9675655.0,9301691.0,9562872.0,9495761.0,9944627.0,10766495.0,10714422.0,10153787.0,9149885.0,8704059.0,8816445.0,3911983.0,4148235.0,District,London Underground,Yes,,,,No
76,582.0,Gants Hill,4527348.0,4692610.0,5257959.0,5064420.0,5477918.0,5594100.0,5986579.0,6560896.0,6588251.0,7143148.0,6491292.0,6174918.0,6358482.0,3741492.0,2835478.0,Central,London Underground,Yes,,,,Yes
77,583.0,Gloucester Road,13606370.0,13523413.0,13734309.0,14484620.0,14162419.0,14193918.0,14912967.0,11963929.0,14203922.0,13975040.0,13100020.0,13311849.0,13738684.0,3933949.0,6967643.0,"District, Piccadilly, Circle",London Underground,Yes,,,,Yes
78,584.0,Golders Green,7642484.0,7669104.0,7897576.0,7968265.0,7810571.0,7635532.0,7397006.0,8250104.0,8700123.0,8511338.0,7973435.0,7897011.0,7895394.0,3897645.0,3332144.0,Northern,London Underground,Yes,,,,Yes
79,585.0,Goldhawk Road,1592604.0,1766816.0,1578490.0,1491855.0,1604110.0,1720631.0,1793796.0,2095139.9999999998,2088026.0000000002,2123640.0,2033590.0,2109767.0,2127422.0,972028.0,954301.0,"Circle, Hammersmith & City",London Underground,Yes,,,,No
80,586.0,Goodge Street,7936215.0,8493547.0,8698646.0,9033065.0,10616578.0,8613806.0,8229689.000000001,8378693.999999999,8841266.0,8463593.0,7185458.0,7316006.0,8507731.0,1625476.0,2537086.0,Northern,London Underground,Yes,,,,Yes
81,587.0,Grange Hill,395276.0,456222.0,441456.0,488583.0,488191.0,538851.0,562391.0,600016.0,657661.0,663262.0,639841.0,642034.0,652468.0,296723.0,232680.0,Central,London Underground,Yes,,,,No
82,588.0,Great Portland Street,6211202.0,6958828.0,6884487.0,6792179.0,7166285.0,7358443.0,7577960.0,8427474.0,8343311.0,8657946.0,7732903.0,7728904.0,7974138.0,2635853.0,2685637.0,"Circle, Hammersmith & City, Metropolitan",London Underground,Yes,,,,No
83,589.0,Greenford,3515276.0,3533585.0,3494518.0,3666996.0,3947974.0,4053459.0,4346343.0,4629465.0,4716521.0,4806850.0,4452187.0,4206392.0,4170423.0,2964852.0,2049869.0,Central,London Underground,Yes,,,,No
84,590.0,Green Park,30034360.0,29618755.0,28258541.0,29365627.0,31724096.0,33987599.0,35459916.0,39830418.0,39552887.0,41241175.0,37397425.0,36793171.0,39059216.0,9446617.0,15943763.0,"Jubilee, Piccadilly, Victoria",London Underground,Yes,,,,Yes
85,591.0,Gunnersbury,3657932.0,3670975.0,3825968.0,3932489.0,4393537.0,4643672.0,4553739.0,5411649.0,5410585.0,5784841.0,7706666.0,7694633.0,7833201.0,2878121.0,2942058.0,"District, London Overground",London Underground,Yes,,Yes,,No
86,592.0,Hainault,2241634.0,2379573.0,2525353.0,2694964.0,2949499.0,2861768.0,3146946.0,3481574.0,3607791.0,3738019.0,3619745.0,3584797.0,3644122.0,2625053.0,1732237.0,Central,London Underground,Yes,,,,Yes
87,593.0,Hammersmith (DIS),27175566.0,28984656.0,27434766.0,27883056.0,28941207.0,28647767.0,29286237.0,29261687.0,28834401.0,29417701.0,27831099.0,26958703.0,27049240.0,9895644.0,10798249.0,"District, Piccadilly",London Underground,Yes,,,,Yes
88,594.0,Hampstead,4308191.0,4533549.0,4731740.0,4506235.0,4313065.0,4377572.0,4285503.0,4364454.0,4557566.0,4637096.0,4564741.0,4441422.0,4665745.0,2259516.0,2111620.0,Northern,London Underground,Yes,,,,Yes
89,595.0,Hanger Lane,2939052.0,2922462.0,3150901.0,3234191.0,3362341.0,3453605.0,3629301.0,3843017.0,3949461.0,4095538.0000000005,3702916.0,3551843.0,3548004.0,1904069.0,1467628.0,Central,London Underground,Yes,,,,No
90,596.0,Harlesden,2196043.0,2242642.0,2230090.0,2047839.9999999998,2280123.0,2425550.0,2603902.0,2773017.0,3007807.0,3099292.0,4377369.0,4331195.0,4385766.0,3267039.0,2321402.0,"Bakerloo, London Overground",London Underground,Yes,,Yes,,No
91,597.0,Harrow & Wealdstone,5055445.0,4306316.0,3892857.0,4279192.0,4468738.0,4452893.0,4659489.0,4512161.0,5002877.0,4963518.0,8142878.0,8136921.0,8159774.0,4723786.0,3884873.0,"Bakerloo, London Overground",London Underground,Yes,,Yes,,No
92,598.0,Harrow-on-the-Hill,9379157.0,9359403.0,8591134.0,8490159.0,8749578.0,8847439.0,9205889.0,9868855.0,10259516.0,10665325.0,10417901.0,10208999.0,10698286.0,6185709.0,4761645.0,Metropolitan,London Underground,Yes,,,,No
93,601.0,Hendon Central,5396142.0,5914764.0,6076148.0,6259561.0,7014001.0,6825826.0,6843039.0,7404483.0,7970028.0,8130262.999999999,7420133.0,7297644.0,7190413.0,3385014.0,2933496.0,Northern,London Underground,Yes,,,,Yes
94,602.0,High Barnet,2613467.0,2729056.0,2731024.0,2858999.0,3141483.0,2876354.0,2796356.0,3234777.0,3648827.0,3647152.0,4062201.0,4014753.0,4047339.0,2028542.0,1826421.0,Northern,London Underground,Yes,,,,Yes
95,603.0,Highbury & Islington,13791446.0,13726413.0,14327026.0,13935961.0,16258236.0,16770439.0,18134071.0,18283137.0,18443978.0,20222247.0,42177220.0,38981796.0,41117739.0,16202663.0,20632454.0,"London Overground, Victoria",London Underground,Yes,,Yes,,Yes
96,604.0,Highgate,4493334.0,4851078.0,4967615.0,4984884.0,4980182.0,4759258.0,4637186.0,5042899.0,5482772.0,5769258.0,5581536.0,5362797.0,5652865.0,2341117.0,2428486.0,Northern,London Underground,Yes,,,,Yes
97,605.0,High Street Kensington,12603269.0,13264423.0,12522052.0,12014816.0,11994054.0,12898984.0,13458770.0,13784783.0,13362540.0,13103200.0,12115781.0,11889198.0,11691230.0,3574133.0,4454568.0,"Circle, District",London Underground,Yes,,,,No
98,606.0,Hillingdon,1314434.0,1388554.0,1333287.0,1299003.0,1400024.0,1482669.0,1634164.0,1798747.0,1856117.0,1772004.0,1726384.0,1704504.0,1648055.0,840109.0,747141.0,"Metropolitan, Piccadilly",London Underground,Yes,,,,No
99,607.0,Holborn,31106138.0,30184057.0,30098285.0,31263127.0,31981518.0,31506714.0,34022691.0,36315818.0,40530196.0,33956572.0,31015758.0,30740262.0,31253089.0,7171859.0,11252228.0,"Central, Piccadilly",London Underground,Yes,,,,Yes
100,608.0,Holland Park,3619151.0,3881522.0,3504855.0,3386341.0,3369348.0,3318275.0,3393821.0,3161254.0,3366174.0,3225381.0,3451841.0,3377648.0,3722034.0,1993894.0,1618471.0,Central,London Underground,Yes,,,,Yes
101,609.0,Holloway Road,7486616.0,7672912.0,7672303.0,7703412.0,8049972.0,7182872.0,7146236.0,6662884.0,6728651.0,6719981.0,6438237.0,6146893.0,6687750.0,2260557.0,2882905.0,Piccadilly,London Underground,Yes,,,,Yes
102,610.0,Hornchurch,1850705.0,1957187.0,1948563.0,1932145.0,1977139.0,2001895.0000000002,1988632.0,2145267.0,2023958.0,2108498.0,2138383.0,2108849.0,2139412.0,1247419.0,934752.0,District,London Underground,Yes,,,,No
103,611.0,Hounslow Central,3558003.0,3629728.0,3798709.0,3940066.0,3904224.0,3782288.0,3929167.0,4009715.0,4010773.0000000005,3825932.0,3748113.0,3575375.0,3635704.0,1947240.0,1519626.0,Piccadilly,London Underground,Yes,,,,Yes
104,612.0,Hounslow East,3841365.0,3859951.0,4022150.0,4224896.0,4269133.0,4170686.0,4340980.0,4666573.0,4515142.0,3870493.0,3829625.0,3729904.0,3920633.0,2333768.0,1773818.0,Piccadilly,London Underground,Yes,,,,Yes
105,613.0,Hounslow West,3077732.0,2951171.0,3101392.0,3195330.0,3179685.0,3241375.0,3337658.0,3610222.0,3545552.0,3545471.0,3330306.0,3324930.0,3531951.0,1825754.0,1550628.0,Piccadilly,London Underground,Yes,,,,Yes
106,614.0,Hyde Park Corner,5596755.0,6421740.0,6189372.0,5865670.0,6069371.0,5785461.0,5802785.499999999,5836879.0,7436827.0,6310733.0,5218249.0,4567539.0,4438810.0,1689055.0,1883530.0,Piccadilly,London Underground,Yes,,,,Yes
107,615.0,Ickenham,1068404.0,1028713.9999999999,1008689.0,960080.0,982403.0,1055454.0,1073393.0,1155563.0,1190362.0,1166906.0,1119734.0,1142440.0,1118573.0,554519.0,480785.0,"Metropolitan, Piccadilly",London Underground,Yes,,,,No
108,616.0,Kennington,4154822.0000000005,4181237.9999999995,4125256.0000000005,4316946.0,4515496.0,4587700.0,4679885.0,4958303.0,5529121.0,5592864.0,5286728.0,5032526.0,5508345.0,2398479.0,2486398.0,Northern,London Underground,Yes,,,,Yes
109,617.0,Kensal Green,2386962.0,2630829.0,2185069.0,2325176.0,2319179.0,2540968.0,2562212.0,2279364.0,2563193.0,2724536.0,3453907.0,3263687.0,3356941.0,1715567.0,1504204.0,"Bakerloo, London Overground",London Underground,Yes,,Yes,,No
110,618.0,Kensington (Olympia),951910.0,1315876.0,1274996.0,1286366.0,1737833.0,1795637.0,1876505.0,1947507.0,2008711.0,2047038.9999999998,4946651.0,3364717.0,3804436.0,1275099.0,1622491.0,"District, London Overground",London Underground,Yes,,Yes,,No
111,619.0,Kentish Town,6433038.0,7098142.0,7278897.0,7443081.0,7214610.0,7584083.0,6449580.0,7719158.0,10493555.0,8358081.0,7938048.0,7598874.0,8121594.0,3257153.0,3708705.0,Northern,London Underground,Yes,,,,Yes
112,620.0,Kenton,1443277.0,1471735.0,1676705.0,1824917.0,1942100.0,1972680.0,2017375.0,1957589.0,2116417.0,2078584.0000000002,2859905.0,2745537.0,2750164.0,2101808.0,1446419.0,"Bakerloo, London Overground",London Underground,Yes,,Yes,,No
113,621.0,Kew Gardens,3298111.0,3168320.0,3224467.0,3340697.0,3131336.0,3239675.0,3522717.0,3561549.0,3549683.0,4176827.0000000005,5550127.0,5320709.0,5263515.0,2305428.0,3032919.0,"District, London Overground",London Underground,Yes,,Yes,,No
114,622.0,Kilburn,8501716.0,8557713.0,7852189.0,7198815.0,7521454.0,7686365.0,7790047.0,7865471.0,8269437.999999999,8582187.0,8161692.0,8055599.0,8116651.0,3945831.0,3297471.0,Jubilee,London Underground,Yes,,,,Yes
115,623.0,Kilburn Park,3362624.0,3622475.0,4068411.0,3785729.0,3455765.0,3450656.0,3480874.0,3381792.0,3417148.0,3428178.0,3185489.0,3271343.0,3285734.0,1482189.0,1375207.0,Bakerloo,London Underground,Yes,,,,No
116,624.0,Kingsbury,3328493.0,3324353.0,3333201.0,3106205.0,3442077.0,3734715.0,4117979.0,4586917.0,4968747.0,5122530.0,4958925.0,4637313.0,4551665.0,3236734.0,2067899.0,Jubilee,London Underground,Yes,,,,Yes
117,625.0,King's Cross St. Pancras,66359149.0,67067757.0,66152528.00000001,72576764.0,77110350.0,80970688.0,84866822.80059522,91984534.0,93413018.0,95030793.0,92620193.0,87839231.0,88273827.0,18837593.0,36734085.0,"Circle, Hammersmith & City, Metropolitan, Northern, Piccadilly, Victoria",London Underground,Yes,,,,Yes
118,626.0,Knightsbridge,21574755.0,19641276.0,20162113.0,20197731.0,20699238.0,21566053.0,21469435.0,21471485.0,20296928.0,19086044.0,16241434.0,16509261.0,16528117.0,4464303.0,7453212.0,Piccadilly,London Underground,Yes,,,,Yes
119,627.0,Ladbroke Grove,4841505.0,5438843.0,5121354.0,5229544.0,5089394.0,5299764.0,5665472.0,6077566.0,5813508.0,5801892.0,5652798.0,5597827.0,6130079.0,2835701.0,2648507.0,"Circle, Hammersmith & City",London Underground,Yes,,,,No
120,628.0,Lambeth North,2939717.0,3199398.0,3310333.0,3554510.0,3497701.0,3309893.0,3023974.0,3571716.0,3285854.0,0.0,3337188.0,3973246.0,3868659.0,1195291.0,1286347.0,Bakerloo,London Underground,Yes,,,,No
121,629.0,Lancaster Gate,5720495.0,5972880.0,6481688.0,6524718.0,6677557.0,6698842.0,6794600.0,6551701.0,6293475.0,7060983.0,5903385.0,6140949.0,6628043.0,1503898.0,2668131.0,Central,London Underground,Yes,,,,Yes
122,630.0,Latimer Road,1994914.0,2147222.0,1978312.0,2000092.0,1702701.0,1910797.0,2192582.0,2389740.0,2572535.0,2627529.0,2344798.0,2439071.0,2320784.0,1121245.0,1075229.0,"Circle, Hammersmith & City",London Underground,Yes,,,,No
123,631.0,Leicester Square,38687223.0,33868259.0,35555594.0,36938061.0,38779688.0,38512080.0,38596700.0,43314547.0,43745951.0,37843681.0,34580105.0,33424173.0,34563636.0,3950320.0,16345381.0,"Piccadilly, Northern",London Underground,Yes,,,,Yes
124,632.0,Leyton,12322930.0,12646743.0,12345039.0,12563244.0,13289406.0,12856223.0,13531459.0,14067249.0,14406501.0,14331098.0,12751863.0,11393769.0,11262368.0,7325632.0,5293420.0,Central,London Underground,Yes,,,,Yes
125,633.0,Leytonstone,9444787.0,9855499.0,9699503.0,9794737.0,10452827.0,10102833.0,10379073.0,11054539.0,11244737.0,11300919.0,10431470.0,9744447.0,9822700.0,5650715.0,4259419.0,Central,London Underground,Yes,,,,Yes
126,634.0,Liverpool Street LU,61317307.0,64161950.00000001,60907538.0,62721399.0,63645304.0,64234700.0,67893591.0,73661457.0,73257321.0,71614231.0,64501949.0,66141465.0,67202755.0,16267905.0,26596893.0,"Central, Circle, Hammersmith & City, London Overground, Metropolitan",London Underground,Yes,,Yes,,Yes
127,635.0,London Bridge LU,56954458.0,60551773.0,61494909.0,60787026.0,65444278.0,67155180.0,69884482.0,74976665.0,71964428.0,70735683.0,65684647.0,70676629.0,74343494.0,24721911.0,30857082.0,"Northern, Jubilee",London Underground,Yes,,,,Yes
128,636.0,Loughton,2466212.0,2663002.0,2672388.0,2764862.0,2999623.0,3016770.0,3166344.0,3255416.0,3272688.0,3448907.0,3412794.0,3301688.0,3473615.0,1747510.0,1606879.0,Central,London Underground,Yes,,,,Yes
129,637.0,Maida Vale,3051129.0,3212250.0,3161346.0,3068287.0,2993997.0,3150688.0,3347805.0,3448597.0,3382758.0,3409091.0,3118278.0,3150058.0,3302961.0,1538572.0,1433954.0,Bakerloo,London Underground,Yes,,,,No
130,638.0,Manor House,9296363.0,8650838.0,8830283.0,8833270.0,9214029.0,9234179.0,9259062.0,9392025.0,9275642.0,9122653.0,8214650.0,7827043.0,8554567.0,3599717.0,3593706.0,Piccadilly,London Underground,Yes,,,,Yes
131,639.0,Mansion House,5109887.0,5320220.0,7034245.0,7199238.0,7416215.0,5645557.0,5769586.0,6195631.0,5561213.0,6136459.0,6140305.0,7106682.0,6789496.0,1067130.0,2088948.0,"Circle, District",London Underground,Yes,,,,No
132,640.0,Marble Arch,14966834.0,16299987.999999998,16619129.999999998,17794335.0,16873081.0,15685686.0,16361602.999999998,16106113.0,15442682.0,14108617.0,13254257.0,12451407.0,12159194.0,3657164.0,5242933.0,Central,London Underground,Yes,,,,Yes
133,641.0,Marylebone LU,10800625.0,11381962.0,11730105.0,11394980.0,11401050.0,12111551.0,13398300.0,13295479.0,12525312.0,12948293.0,12988295.0,13075755.0,12881989.0,2630669.0,4597698.0,Bakerloo,London Underground,Yes,,,,No
134,642.0,Mile End,12084543.0,13302852.0,13522044.0,13230676.0,14014809.0,14057083.0,14370438.0,15596293.0,16310716.0,15746922.0,14928464.0,14686759.0,14971042.0,6787729.0,6644477.0,"District, Hammersmith & City, Central",London Underground,Yes,,,,Yes
135,643.0,Mill Hill East,958106.0,1002002.0000000001,1042902.0,1047214.0000000001,1090284.0,1104434.0,1165330.0,1286493.0,1318158.0,1340993.0,1318680.0,1350943.0,1407857.0,813926.0,764644.0,Northern,London Underground,Yes,,,,No
136,645.0,Moorgate,21017118.0,22222955.0,21182382.0,21038801.0,21227293.0,20594422.0,21381249.2496,25895151.0,26062630.0,27565959.0,25828308.0,24646666.0,25050824.0,5839734.0,8789962.0,"Circle, Hammersmith & City, Metropolitan",London Underground,Yes,,,,No
137,646.0,Moor Park,734858.0,756467.0,771167.0,781118.0,824464.0,814953.0,824391.0,886420.0,886390.0,914852.0,897017.0,913450.0,932748.0,593315.0,463133.0,Metropolitan,London Underground,Yes,,,,No
138,647.0,Morden,6281507.0,6650982.0,6981638.0,6756228.0,7195083.0,7276884.0,7696341.0,8617393.0,9275569.0,10056185.0,9872702.0,9689216.0,9815261.0,5488034.0,4421002.0,Northern,London Underground,Yes,,,,Yes
139,648.0,Mornington Crescent,4047460.0,4289579.0,4479064.0,4670839.0,4302147.0,4550432.0,4651775.0,4756065.0,4531089.0,5039573.0,4779258.0,4300182.0,4001482.0,1331040.0,1425296.0,Northern,London Underground,Yes,,,,Yes
140,649.0,Neasden,3331902.0,2991282.0,2853674.0,2658500.0,2701449.0,2914263.0,3107451.0,3413900.0,3672470.0,3749439.0,3646639.0,3400938.0,3450466.0,2478884.0,1564012.0,Jubilee,London Underground,Yes,,,,Yes
141,650.0,Newbury Park,3382497.0,3592500.0,3929789.0,3845309.0,3918391.0,3929000.0,4395879.0,4619010.0,4327727.0,5429546.0,5249584.0,4729847.0,5079924.0,3168498.0,2218404.0,Central,London Underground,Yes,,,,Yes
142,651.0,New Cross,2272307.0,,,,,,,,,,,,,,,,,,,,,
143,652.0,New Cross Gate,3563251.0,,,,,,,,,,,,,,,,,,,,,
144,653.0,North Acton,4991655.0,5102093.0,4716127.0,4811151.0,4641664.0,5199834.0,5465012.0,5678995.0,6106253.0,6530887.0,6459225.0,5909108.0,6241955.0,3717589.0,3148552.0,Central,London Underground,Yes,,,,Yes
145,654.0,North Ealing,869730.0,916956.0,936369.0,877995.0,936906.0,898266.0,860944.0,894137.0,892594.0,905402.0,786073.0,798689.0,880333.0,507381.0,357588.0,Piccadilly,London Underground,Yes,,,,No
146,655.0,Northfields,4058754.9999999995,4056418.0,3924262.0,3826102.0,3789290.0,3976939.0,4102497.9999999995,4210924.0,4080122.0000000005,3913283.0,3785696.0,3664816.0,3975886.0,1899266.0,1630938.0,Piccadilly,London Underground,Yes,,,,Yes
147,656.0,North Harrow,1432114.0,1480192.0,1449100.0,1412851.0,1423481.0,1540858.0,1685908.0,1816014.0,1937838.0,1968198.0,1833325.0,1835839.0,1930536.0,954512.0,769257.0,Metropolitan,London Underground,Yes,,,,No
148,657.0,Northolt,3413498.0,3515942.0,3736606.0,4054941.9999999995,4279014.0,4417710.0,4611479.0,4992642.0,5026000.0,5157171.0,4921293.0,4784063.0,4976954.0,3383878.0,2467440.0,Central,London Underground,Yes,,,,No
149,659.0,North Wembley,1370773.0,1399678.0,1467339.0,1396982.0,1572627.0,1643799.0,1647314.0,1660434.0,1836732.0,1791287.0,2279055.0,2149594.0,2121901.0,1550566.0,1093549.0,"Bakerloo, London Overground",London Underground,Yes,,Yes,,No
150,660.0,Northwick Park,3540049.0,3736299.0,3616612.0,3478437.0,3577980.0,3790022.0,3946956.0,4440388.0,4588128.0,4651799.0,4311177.0,4142560.0,4357031.0,2426206.0,1836276.0,Metropolitan,London Underground,Yes,,,,No
151,661.0,Northwood,1942899.0,1935448.0,1933813.0,1900165.0,1971642.0,2182311.0,2280491.0,2462889.0,2475743.0,2488831.0,2897563.0,2630662.0,2743087.0,1515209.0,1274615.0,Metropolitan,London Underground,Yes,,,,No
152,662.0,Northwood Hills,1282445.0,1378044.0,1315818.0,1252358.0,1294249.0,1409847.0,1483623.0,1629043.0,1720439.0,1910904.0,1918400.0,1856472.0,1903375.0,1165488.0,831677.0,Metropolitan,London Underground,Yes,,,,No
153,663.0,Notting Hill Gate,16894545.0,16853354.0,17364829.0,17876742.0,17355461.0,17277512.0,17394388.0,17400155.0,16683962.000000002,17184657.0,15456337.0,13812400.0,15070782.0,5682051.0,6404193.0,"Central, Circle, District",London Underground,Yes,,,,Yes
154,664.0,Oakwood,2612314.0,2840198.0,2914899.0,2898027.0,2740918.0,2413451.0,2785115.0,2935164.0,2842657.0,2875067.0,2736346.0,2648492.0,2780380.0,1310286.0,1290796.0,Piccadilly,London Underground,Yes,,,,Yes
155,665.0,Old Street,17927250.0,19243903.0,19607520.0,20051825.0,21039484.0,21880078.0,21855888.0,23276520.0,25143510.0,25966550.0,25083479.0,25533008.0,27107822.0,6683590.0,9635310.0,Northern,London Underground,Yes,,,,No
156,667.0,Osterley,2056058.9999999998,2058633.0,2063962.0,2031966.0000000002,2145820.0,2189757.0,2317893.0,2458246.0,2350196.0,2315575.0,2079080.0,2043230.0,2179739.0,963611.0,911252.0,Piccadilly,London Underground,Yes,,,,Yes
157,668.0,Oval,5922092.0,5921214.0,5791736.0,5634420.0,5846190.0,6109161.0,5911952.0,6397929.0,6968322.0,6447853.0,6983973.0,7027340.0,7170152.0,3313152.0,3129276.0,Northern,London Underground,Yes,,,,Yes
158,669.0,Oxford Circus,72046333.0,72914886.0,72719762.0,70122354.0,77092776.0,80551504.0,85246928.0,98511630.0,92355623.0,83258977.0,79778619.0,73639833.0,78073457.0,14598777.0,32863152.0,"Bakerloo, Central, Victoria",London Underground,Yes,,,,Yes
159,670.0,Paddington TfL,37237088.0,40703979.0,42024813.0,43995091.0,46478735.0,46325618.0,49710749.0,49283385.0,49637302.0,49480436.0,46331280.0,47011593.0,48612110.0,11420070.0,20437217.0,"Circle, District, Hammersmith & City",London Underground,Yes,,,,No
160,671.0,Park Royal,1590678.0,1592807.0,1625925.0,1684245.0,1583000.0,1575786.0,1643912.0,1976904.0,2019381.9999999998,2015314.0,1923720.0,1896819.0,2047993.0,1245850.0,918333.0,Piccadilly,London Underground,Yes,,,,No
161,672.0,Parsons Green,5075378.0,5126408.0,5449662.0,5690881.0,5944855.0,6187009.0,6452463.0,6799064.0,6822161.0,6746851.0,6442093.0,6357956.0,6558793.0,3026008.0,2993897.0,District,London Underground,Yes,,,,No
162,673.0,Perivale,1968909.0,2090825.0000000002,2030902.0000000002,2038525.0,2080788.0,2164790.0,2243955.0,2337555.0,2405584.0,2460144.0,2389751.0,2425638.0,2444064.0,1503990.0,1080893.0,Central,London Underground,Yes,,,,No
163,674.0,Piccadilly Circus,38087335.0,38853181.0,38567356.0,39675335.0,40583552.0,42357331.0,41703911.0,42932327.0,42796831.0,41291525.0,38573777.0,36004485.0,38396960.0,4175738.0,14144793.0,"Bakerloo, Piccadilly",London Underground,Yes,,,,Yes
164,675.0,Pinner,2253132.0,2309129.0,2258335.0,2198745.0,2303547.0,2470413.0,2606534.0,2837149.0,3084213.0,3198703.0,3266903.0,3366921.0,2960479.0,1360437.0,1280875.0,Metropolitan,London Underground,Yes,,,,No
165,676.0,Plaistow,5880743.0,6307995.0,6164459.0,6137394.0,6342063.0,6288553.0,6246718.0,6786121.0,7063495.0,5490616.0,5816650.0,5815124.0,5567660.0,3769831.0,2671882.0,"District, Hammersmith & City",London Underground,Yes,,,,No
166,677.0,Preston Road,3032114.0,3099533.0,2949387.0,2859090.0,2960512.0,2972873.0,3154183.0,3474593.0,3427709.0,3308379.0,3447448.0,3200118.0,3230285.0,2030454.0,1388173.0,Metropolitan,London Underground,Yes,,,,No
167,678.0,Putney Bridge,5624131.0,5506224.0,5647761.0,5431014.0,5331762.0,5598383.0,5923504.0,5932349.0,5756910.0,5416663.0,5113846.0,5278188.0,5766944.0,2626929.0,2686314.0,District,London Underground,Yes,,,,No
168,679.0,Queensbury,3192282.0,3206121.0,3193258.0,2981736.0,3175666.0,3372174.0,3853332.0,4195103.0,4525278.0,4675024.0,4416312.0,4173051.0,4114533.0,2855288.0,1835750.0,Jubilee,London Underground,Yes,,,,Yes
169,680.0,Queen's Park,5044550.0,5662713.0,5285885.0,5206741.0,5529385.0,5409388.0,5578067.0,5844120.0,5771615.0,5636721.0,7574141.0,7266328.0,7579844.0,3619466.0,3484136.0,"Bakerloo, London Overground",London Underground,Yes,,Yes,,No
170,681.0,Queensway,8044511.999999999,8477115.0,8479415.0,9330912.0,8859128.0,8555667.0,8575808.0,7588751.0,7656619.0,8707156.0,8031860.0,7661884.0,8254515.0,2119882.0,3619504.0,Central,London Underground,Yes,,,,Yes
171,682.0,Ravenscourt Park,2590358.0,2622796.0,2502619.0,2520547.0,2647871.0,2754691.0,2767420.0,2907957.0,3189008.0,3178278.0,3055656.0,3087532.0,3228328.0,1921494.0,1533828.0,District,London Underground,Yes,,,,No
172,683.0,Rayners Lane,3813218.0,3849473.0,3914047.0,3867839.0,3979751.0,3951952.0,4081729.0,4371243.0,4512905.0,4460978.0,4112035.0,3912652.0,4159999.0,2336745.0,1778250.0,"Metropolitan, Piccadilly",London Underground,Yes,,,,No
173,684.0,Redbridge,2270350.0,2358917.0,2555355.0,2605947.0,2633085.0,2566293.0,2672035.0,2908558.0,2934539.0,3054243.0,2789938.0,2715368.0,2804018.0,1564820.0,1259738.0,Central,London Underground,Yes,,,,Yes
174,685.0,Regent's Park,2874342.0,3343794.0,3272235.0,3711215.0,3777683.0,3779666.0,3794744.0,3711179.0,3541481.0,3346006.0,3438858.0,3460614.0,3867435.0,1628977.0,1265551.0,Bakerloo,London Underground,Yes,,,,No
175,686.0,Richmond,7308893.0,7299694.0,7600506.0,7154951.0,7473874.0,7557331.0,7953442.0,8448615.0,8661325.0,8112159.0,11875227.0,11573723.0,11535430.0,4436964.0,4631525.0,"District, London Overground",London Underground,Yes,,Yes,,No
176,687.0,Rickmansworth,1869106.0,1903296.0,1903653.0,1906873.0,2029002.0000000002,2166361.0,2243984.0,2419354.0,2442771.0,2455761.0,2587429.0,2256420.0,2387979.0,1385890.0,1098469.0,Metropolitan,London Underground,Yes,,,,No
177,688.0,Roding Valley,201380.0,206752.0,208714.0,212842.0,220319.0,224256.0,235697.0,255056.99999999997,260651.00000000003,367335.0,352989.0,459286.0,449612.0,190163.0,155226.0,Central,London Underground,Yes,,,,No
178,689.0,Rotherhithe,1293908.0,,,,,,,,,,,,,,,,,,,,,
179,690.0,Royal Oak,1545189.0,1826926.0,1765194.0,1852023.0,2045798.0,2220528.0,2431149.0,2703935.0,2491199.0,2545583.0,2486491.0,2587512.0,2608698.0,1251188.0,1185481.0,"Circle, Hammersmith & City",London Underground,Yes,,,,No
180,691.0,Ruislip,1571122.0,1591374.0,1582373.0,1532460.0,1573058.0,1619948.0,1713378.0,1895875.0,1903105.0,1948970.0,1890042.0,1929049.0,1932543.0,948688.0,821706.0,"Metropolitan, Piccadilly",London Underground,Yes,,,,No
181,692.0,Ruislip Gardens,770555.0,875326.0,958083.0,977597.0,1002292.0,989402.0,1003184.0000000001,1084140.0,1112623.0,1072221.0,1106458.0,1039276.0,1106583.0,549192.0,476607.0,Central,London Underground,Yes,,,,No
182,693.0,Ruislip Manor,1477487.0,1551889.0,1560302.0,1568684.0,1599750.0,1691520.0,1774400.0,1975295.0,2005866.9999999998,1993852.0,1943537.0,1872804.0,1893831.0,988143.0,839242.0,"Metropolitan, Piccadilly",London Underground,Yes,,,,No
183,694.0,Russell Square,13592202.0,13593560.0,14045262.0,14182721.0,14728330.0,13436431.0,12951499.0,13076625.0,13328942.0,12345236.0,10853914.0,11896108.0,12274252.0,2744465.0,3655414.0,Piccadilly,London Underground,Yes,,,,Yes
184,695.0,St. James's Park,13084320.0,13189508.0,13424654.0,13300266.0,13496515.0,14261759.0,14726104.0,15730145.0,15698186.0,14934536.0,13664987.0,14169247.0,14479978.0,2919119.0,3901970.0,"Circle, District",London Underground,Yes,,,,No
185,696.0,St. John's Wood,6650563.0,6660483.0,6523142.0,6371793.0,6741698.0,7067985.0,7269493.0,7617570.0,7879484.0,7791962.0,7399877.0,7480779.0,7610612.0,4113555.0,3464027.0,Jubilee,London Underground,Yes,,,,Yes
186,697.0,St. Paul's,13230664.0,12945684.0,14154562.0,16155148.0,17084479.0,15048402.0,16439098.999999998,17538974.0,17371372.0,18422362.0,16417294.0,12081030.0,15815893.0,3861774.0,5359932.0,Central,London Underground,Yes,,,,Yes
187,698.0,Seven Sisters,13530879.0,13337507.0,12384660.0,12431276.0,12527651.0,13251478.0,14464440.0,15968957.0,17522713.0,18605749.0,27713217.0,26985722.0,26467010.0,14879945.0,12496696.0,"London Overground, Victoria",London Underground,Yes,,Yes,,Yes
188,699.0,Shadwell,1787127.0,,,,,,,,,,,,,,,,,,,,,
189,700.0,Shepherd's Bush LU,12136319.0,20725029.0,18962171.0,21707878.0,21594508.0,21896486.0,22872181.0,22869844.0,22257246.0,22848359.0,21410922.0,19408053.0,20081602.0,6283854.0,7584135.0,Central,London Underground,Yes,,,,Yes
190,701.0,Shoreditch,0.0,,,,,,,,,,,,,,,,,,,,,
191,702.0,Sloane Square,13909926.0,14792555.0,14417460.0,14742700.0,14940194.0,16510040.0,16560260.0,16761977.000000002,17197513.0,17147936.0,16372926.0,15929561.0,16585916.0,6276139.0,7380128.0,"Circle, District",London Underground,Yes,,,,No
192,703.0,Snaresbrook,2159779.0,2224189.0,2432618.0,2424610.0,2597942.0,2540095.0,2588391.0,2781855.0,2674477.0,2694225.0,2787010.0,2298797.0,2378289.0,1185716.0,1083968.0,Central,London Underground,Yes,,,,Yes
193,704.0,South Ealing,3446051.0,3356787.0,3341679.0,3307943.0,3324302.0,3313275.0,3476673.0,3700360.0,3699819.0,3617189.0,3477368.0,3357981.0,3518542.0,1630782.0,1495186.0,Piccadilly,London Underground,Yes,,,,Yes
194,705.0,Southfields,5741359.0,5630768.0,5511411.0,5213264.0,5256987.0,5576358.0,5789944.0,6134110.0,6173897.0,6275587.0,5732747.0,5747476.0,5860615.0,2902818.0,2695552.0,District,London Underground,Yes,,,,No
195,706.0,Southgate,4805448.0,5052796.0,4959760.0,4905097.0,4912117.0,4875798.0,5386357.0,5633661.0,5555527.0,5647834.0,5304983.0,5170481.0,5429160.0,2705625.0,2312226.0,Piccadilly,London Underground,Yes,,,,Yes
196,707.0,South Harrow,2176973.0,2188549.0,2272054.0,2396030.0,2279634.0,2262264.0,2287706.0,2503648.0,2583973.0,2484237.0,2107487.0,2081548.0,2167602.0,1581956.0,1013772.0,Piccadilly,London Underground,Yes,,,,No
197,708.0,South Kensington,28250681.0,28482536.0,28242853.0,29776473.0,30608404.0,32495510.000000004,32751295.0,36461844.0,33869744.0,33603151.0,31994140.0,32056414.0,33071847.0,9805549.0,10824383.0,"District, Piccadilly, Circle",London Underground,Yes,,,,Yes
198,709.0,South Kenton,805794.0,821139.0,853173.0,918728.0,957880.0,970928.0,1022501.0000000001,1102908.0,957195.0,1170483.0,1731221.0,1942355.0,1976241.0,1254611.0,911326.0,"Bakerloo, London Overground",London Underground,Yes,,Yes,,No
199,710.0,South Ruislip,1521532.0,1611823.0,1607383.0,1679673.0,1756903.0,1705535.0,1766082.0,1760835.0,1718085.0,1758094.0,1926405.0,1895804.0,1952608.0,992838.0,888276.0,Central,London Underground,Yes,,,,No
200,711.0,South Wimbledon,3719906.0,3679883.0,3800395.0,3596638.0,3750495.0,3704405.0,3788099.0,4280132.0,4570440.0,4759428.0,4627559.0,4626925.0,4654244.0,1992804.0,1937293.0,Northern,London Underground,Yes,,,,Yes
201,712.0,South Woodford,3710727.0,3836957.0,4093423.9999999995,3979196.0,4394000.0,4329645.0,4590459.0,5031350.0,5148679.0,5247294.0,5022133.0,4876210.0,5271035.0,2308574.0,2380524.0,Central,London Underground,Yes,,,,Yes
202,713.0,Stamford Brook,2779517.0,2641311.0,2433403.0,2495712.0,2522560.0,2628332.0,2664997.0,2672587.0,2695977.0,2700007.0,2557655.0,2621529.0,2749841.0,1317072.0,1223866.0,District,London Underground,Yes,,,,No
203,714.0,Stanmore,2827923.0,2779443.0,2781462.0,2680914.0,3021276.0,3364355.0,3542897.0,3891298.0,3973686.0,4040588.9999999995,3717315.0,3762665.0,3853243.0,2021467.0,1729034.0,Jubilee,London Underground,Yes,,,,Yes
204,715.0,Stepney Green,4033106.0,4400095.0,4137889.9999999995,4128661.0,4377706.0,4678837.0,5002409.0,5427571.0,5846372.0,6411775.0,6023114.0,6081225.0,5988691.0,2463108.0,2707641.0,"District, Hammersmith & City",London Underground,Yes,,,,No
205,716.0,Stockwell,7995154.0,8361504.999999999,7866633.0,8044986.0,8331776.0,8871894.0,9424813.0,10520406.0,11082161.0,11423478.0,11089126.0,10565894.0,11075026.0,5370518.0,4614856.0,"Northern, Victoria",London Underground,Yes,,,,Yes
206,717.0,Stonebridge Park,2083727.9999999998,2127817.0,2395880.0,2365091.0,2590700.0,2482229.0,2544366.0,2610664.0,2674890.0,2530036.0,3167614.0,3146167.0,3179390.0,2451145.0,1677652.0,"Bakerloo, London Overground",London Underground,Yes,,Yes,,No
207,718.0,Charing Cross LU,22296949.0,23392922.0,22841977.0,21394728.0,19513237.0,18524648.0,18634461.0,21301822.0,20690327.0,8126588.0,18476801.0,18895518.0,19477585.0,3400411.0,7154835.0,"Bakerloo, Northern",London Underground,Yes,,,,Yes
208,719.0,Stratford,25627136.0,27231042.0,26989730.0,29819454.0,48571300.0,50962909.0,54503326.0,59308320.0,61442630.0,67047270.0,111539219.0,112577515.0,118564624.0,53788483.0,63439192.0,"Central, DLR, Jubilee, London Overground, TfL Rail",London Underground,Yes,Yes,Yes,Yes,Yes
209,720.0,Sudbury Hill,2211931.0,2112878.0,2008125.9999999998,1959018.0,2006325.0,2032858.0,2007949.0,2211298.0,2217946.0,1976543.0,1790959.0,1776550.0,1910960.0,1451606.0,889529.0,Piccadilly,London Underground,Yes,,,,No
210,721.0,Sudbury Town,2294070.0,2243667.0,2160860.0,2116902.0,2055910.0,2009717.0000000002,1979322.0,2103309.0,2179203.0,1996547.0,1718575.0,1654830.0,1825805.0,1278124.0,835671.0,Piccadilly,London Underground,Yes,,,,No
211,722.0,Surrey Quays,2455871.0,,,,,,,,,,,,,,,,,,,,,
212,723.0,Swiss Cottage,7243521.0,7061453.0,6649182.0,6203295.0,6906412.0,7526301.0,7834077.0,7282024.0,7710830.0,7578603.0,7369274.0,7034394.0,7130168.0,2891037.0,3001198.0,Jubilee,London Underground,Yes,,,,Yes
213,724.0,Temple,7349176.0,6774893.0,9641579.0,9398053.0,9991846.0,7823576.0,7922122.0,8135916.0,8595799.0,8223970.0,8561001.0,8957017.0,8743279.0,1323354.0,3070900.0,"Circle, District",London Underground,Yes,,,,No
214,725.0,Theydon Bois,641192.0,652426.0,673868.0,661956.0,739823.0,746456.0,823919.0,849834.0,854702.0,850065.0,905705.0,889000.0,896336.0,493721.0,423967.0,Central,London Underground,Yes,,,,No
215,726.0,Tooting Bec,7092733.0,6993579.0,6427816.0,6299985.0,6560405.0,6859327.0,6901892.0,7557957.0,7933544.0,7922887.0,7658810.0,7570365.0,7670661.0,3509976.0,3610529.0,Northern,London Underground,Yes,,,,Yes
216,727.0,Tooting Broadway,13185596.0,12996852.0,12975326.0,12868034.0,13039799.0,13228547.0,13505007.0,15114746.0,15737978.0,15922071.0,15371262.0,15218284.0,15427848.0,8102118.0,6892544.0,Northern,London Underground,Yes,,,,Yes
217,728.0,Tottenham Court Road,37288905.0,36573797.0,34869429.0,34548887.0,23990548.0,36013489.0,38063296.0,36762272.0,16249800.0,39346254.0,39193558.0,38649304.0,41988765.0,6045302.0,16036231.0,"Central, Northern, TfL Rail",London Underground,Yes,Yes,,,Yes
218,729.0,Tottenham Hale LU,7700322.0,8347791.000000001,7752717.0,8313976.999999999,8858713.0,9799795.0,10320809.0,11911123.0,11954313.0,13213806.0,11889159.0,12965971.0,14026843.0,7264852.0,7115066.0,Victoria,London Underground,Yes,,,,Yes
219,730.0,Totteridge & Whetstone,1649780.0,1806376.0,1777409.0,1856610.0,1977578.0,1918954.0,1950730.0,2241508.0,2334480.0,2232086.0,2416108.0,2418680.0,2523102.0,1030907.0,1064853.0,Northern,London Underground,Yes,,,,Yes
220,731.0,Tower Hill,19440284.0,20305884.0,21613184.0,21793837.0,21580404.0,22537607.0,23414868.0,26323869.0,22176713.0,21834402.0,19897981.0,21524392.0,20586761.0,4116750.0,7328488.0,"Circle, District",London Underground,Yes,,,,No
221,733.0,Tufnell Park,3243254.0,3345611.0,3695568.0,3750115.0,3545044.0,3676520.0,3939656.0,3939313.0,0.0,3707186.0,3895273.0,3980735.0,4051401.0,1360667.0,1540273.0,Northern,London Underground,Yes,,,,Yes
222,734.0,Turnham Green,5900459.0,5990843.0,5854068.0,5895915.0,5834401.0,6029833.0,6195486.0,6459118.0,6445923.0,5650263.0,5845936.0,5816381.0,5839620.0,2563212.0,2661114.0,"District, Piccadilly",London Underground,Yes,,,,Yes
223,735.0,Turnpike Lane,9764801.0,9874142.0,9619114.0,9389335.0,9800632.0,9597394.0,10291376.0,10768249.0,10790301.0,10857089.0,10162189.0,9948987.0,10603832.0,5636483.0,4494164.0,Piccadilly,London Underground,Yes,,,,Yes
224,736.0,Upminster,4568782.0,4393141.0,4426556.0,4433265.0,4556074.0,4731061.0,4959760.0,5156093.0,5140645.0,5339344.0,5871402.0,4878509.0,5360503.0,2673341.0,2532822.0,"District, London Overground",London Underground,Yes,,Yes,,No
225,737.0,Upminster Bridge,781195.0,934057.0,865150.0,888847.0,988524.0,1098183.0,1103760.0,1142293.0,1146772.0,1159376.0,1096940.0,1153892.0,1107953.0,786733.0,507765.0,District,London Underground,Yes,,,,No
226,738.0,Upney,1860916.0,1836609.0,1874111.0,1890002.0,2108190.0,2126671.0,2296702.0,2529793.0,2684747.0,2719998.0,2567807.0,2595098.0,2546936.0,1867666.0,1241844.0,District,London Underground,Yes,,,,No
227,739.0,Upton Park,8839416.0,9591732.0,10359133.0,10553113.0,11014585.0,10303814.0,10480206.0,11414450.0,11413623.0,10141620.0,9097854.0,9693275.0,9708180.0,6677841.0,4784244.0,"District, Hammersmith & City",London Underground,Yes,,,,No
228,740.0,Uxbridge,6485149.0,6932257.0,6753063.0,6707349.0,6910995.0,7176636.0,7587430.0,8074586.999999999,8341531.0,8452417.0,7980024.0,7914648.0,7992197.0,4034024.0,3486758.0,"Metropolitan, Piccadilly",London Underground,Yes,,,,No
229,741.0,Victoria LU,76406467.0,78405628.0,77443767.0,79925297.0,82245550.0,82955798.0,84582132.0,86730599.0,82885560.0,83501204.0,75163165.0,82964036.0,85468928.0,22954962.0,33480926.0,"Circle, District, Victoria",London Underground,Yes,,,,Yes
230,742.0,Walthamstow Central,13742855.0,14161980.0,13436697.0,13752261.0,14316624.0,15089008.0,16681073.000000002,18052543.0,18333582.0,22766326.0,14881964.0,22877329.0,24588106.0,12760524.0,10608796.0,"London Overground, Victoria",London Underground,Yes,,Yes,,Yes
231,743.0,Wanstead,2211747.0,2263703.0,2200028.0,2375480.0,2571087.0,2560452.0,2732853.0,3089871.0,2903560.0,2960642.0,2804581.0,2703432.0,2771619.0,1137200.0,1181072.0,Central,London Underground,Yes,,,,Yes
232,744.0,Wapping,1560851.0,,,,,,,,,,,,,,,,,,,,,
233,745.0,Warren Street,14173778.0,14384031.0,14042137.0,13601582.0,15691440.0,16513849.0,17596565.0,19405419.0,19917362.0,20346625.0,19218263.0,19376983.0,18245765.0,7744299.0,7038704.0,"Northern, Victoria",London Underground,Yes,,,,Yes
234,746.0,Warwick Avenue,4223478.0,4256549.0,4230504.0,4309735.0,4304437.0,4309332.0,4622339.0,4508957.0,4501822.0,4506260.0,4047265.0,3912072.0,3999622.0,1682785.0,1673860.0,Bakerloo,London Underground,Yes,,,,No
235,747.0,Waterloo LU,74844290.0,77202884.0,75939796.0,81574061.0,84122881.0,88158546.0,89398131.0,91491846.0,95138374.0,100362256.0,86887788.0,77373119.0,82934325.0,16621546.0,29868623.0,"Bakerloo, Jubilee, Northern, Waterloo & City",London Underground,Yes,,,,Yes
236,748.0,Watford,1642268.0,1624730.0,1503697.0,1480796.0,1572122.0,1602068.0,1655119.0,1756514.0,1845823.0,1836559.0,1771435.0,1705035.0,1924615.0,1403495.0,955674.0,Metropolitan,London Underground,Yes,,,,No
237,751.0,Wembley Central,3198306.0,3503931.0,4227669.0,4369690.0,4562798.0,5175356.0,4592227.0,5524620.0,5789849.0,5769748.0,7372001.0,7312400.0,7486761.0,4667735.0,3697026.0,"Bakerloo, London Overground",London Underground,Yes,,Yes,,No
238,752.0,Wembley Park,11907214.0,10746151.0,9317709.0,9016104.0,9661884.0,10601914.0,11735107.0,14108508.0,14542576.0,15103629.0,15712048.0,15473222.0,15423884.0,8289529.0,7894562.0,"Metropolitan, Jubilee",London Underground,Yes,,,,Yes
239,753.0,West Acton,1561062.0,1654921.0,1585885.0,1575369.0,1617609.0,1579949.0,1692583.0,1665631.0,1736847.0,1820883.0,1629156.0,1596024.0,1710258.0,835889.0,709948.0,Central,London Underground,Yes,,,,Yes
240,754.0,Westbourne Park,2872842.0,3108357.0,2898876.0,2734150.0,3033426.0,3366135.0,3734232.0,3727735.0,3794960.0,3978228.0,3928366.0,4018763.0,4132837.0,2253686.0,1823204.0,"Circle, Hammersmith & City",London Underground,Yes,,,,No
241,755.0,West Brompton,3776635.0,3714007.0,3715284.0,4167686.0,4245504.0,4537945.0,4610447.0,4470979.0,5168452.0,6098173.0,9406333.0,9247923.0,9123106.0,3746948.0,4811148.0,"District, London Overground",London Underground,Yes,,Yes,,No
242,756.0,West Finchley,1164231.0,1222994.0,1185327.0,1288475.0,1374749.0,1365343.0,1370913.0,1536049.0,1613941.0,1665191.0,1605581.0,1581383.0,1637337.0,685418.0,705772.0,Northern,London Underground,Yes,,,,Yes
243,757.0,West Ham,3168728.0,3054994.0,3123231.0,3389493.0,3418641.0,3271149.0,3400895.0,3508528.0,3814553.0,3459634.0,7511656.0,8049599.0,8074128.0,5322656.0,4724356.0,"District, DLR, Hammersmith & City, Jubilee",London Underground,Yes,,,Yes,Yes
244,758.0,West Hampstead LU,7459006.0,7364953.0,7448967.0,7452098.0,8234838.0,9713151.0,10159492.0,10590656.0,11160117.0,11039789.0,11207001.0,10317092.0,10488823.0,4955039.0,4472941.0,Jubilee,London Underground,Yes,,,,Yes
245,759.0,West Harrow,1149820.0,1186894.0,1199979.0,1095312.0,1075039.0,1103804.0,1130886.0,1201513.0,1329655.0,1489512.0,1453150.0,1596411.0,1281592.0,690469.0,560543.0,Metropolitan,London Underground,Yes,,,,No
246,760.0,West Kensington,4837806.0,4720808.0,4550984.0,4528704.0,4636878.0,4948504.0,5040507.0,5135720.0,5321523.0,5060671.0,4964196.0,4583968.0,4871929.0,2096566.0,2028753.0,District,London Underground,Yes,,,,No
247,761.0,Westminster,18362940.0,19048245.0,19080395.0,20148033.0,20776511.0,22085605.0,23501317.0,26032437.0,25614455.0,28378426.0,24219994.0,24497646.0,22560365.0,6463756.0,7699650.0,"Circle, District, Jubilee",London Underground,Yes,,,,Yes
248,762.0,West Ruislip,1253096.0,1299211.0,1495509.0,1677926.0,1640785.0,1611784.0,1600225.0,1558431.0,1564634.0,1666851.0,1634281.0,1435407.0,1557760.0,694477.0,708681.0,Central,London Underground,Yes,,,,No
249,763.0,Whitechapel,12426675.0,11549795.0,12144523.0,12694694.0,12622636.0,13038867.0,14448854.0,12890831.0,11702345.0,14369235.0,26888457.0,27139055.0,27096903.0,13568344.0,13781141.0,"District, Hammersmith & City, London Overground, TfL Rail",London Underground,Yes,Yes,Yes,,Yes
250,764.0,White City,7434800.0,9325579.0,7852459.0,8025485.0,7738266.0,7525342.0,7221772.0,7514462.0,7704418.0,8953281.0,8433511.0,8389590.0,9559843.0,4005703.0,4624537.0,Central,London Underground,Yes,,,,Yes
251,765.0,Willesden Green,8515734.0,8140465.000000001,7336090.0,7151021.0,7811402.0,8226925.0,8560802.0,8819034.0,8960771.0,8972604.0,8331012.0,7950840.0,7966014.0,4290015.0,3384122.0,Jubilee,London Underground,Yes,,,,Yes
252,766.0,Willesden Junction,3427780.0,3498314.0,3832266.0,3897197.0,3919012.0,3986948.0,4170593.0,4503851.0,4597796.0,4728227.0,14639647.0,15274045.0,15667181.0,10091460.0,8706051.0,"Bakerloo, London Overground",London Underground,Yes,,Yes,,No
253,767.0,Wimbledon,14761156.0,15062078.0,11468852.0,11672760.0,11748798.0,11953067.0,14195582.0,15298628.0,15631389.0,13395119.0,11956760.0,11900167.0,12528740.0,7040552.0,7056386.0,District,London Underground,Yes,,,,No
254,768.0,Wimbledon Park,2074186.0,2084037.0,2125523.0,2000460.0,1996939.0,2108810.0,2128289.0,1807402.0,1821025.0,1893927.0,2074785.0,2155334.0,2149788.0,1140075.0,1053984.0,District,London Underground,Yes,,,,No
255,769.0,Woodford,4247141.0,4348624.0,4477210.0,4454295.0,4894656.0,4859871.0,5585475.0,5870341.0,6034086.0,5692577.0,5682132.0,5619040.0,5862279.0,2754342.0,2663457.0,Central,London Underground,Yes,,,,No
256,770.0,Wood Green,10968194.0,10888104.0,10839539.0,10934845.0,11347719.0,11533740.0,12442500.0,13352231.0,13189190.0,13204130.0,12202222.0,11447694.0,12133990.0,6578240.0,5433153.0,Piccadilly,London Underground,Yes,,,,Yes
257,771.0,Woodside Park,2202877.0,2308025.0,2310474.0,2542957.0,2685672.0,2660242.0,2633565.0,2646926.0,2816775.0,2869951.0,3366132.0,4040169.0,4349739.0,1956318.0,2015727.0,Northern,London Underground,Yes,,,,Yes
258,773.0,Hammersmith (H&C),6786167.0,9173882.0,8599958.0,8676867.0,8889270.0,8637578.0,8957266.0,9719084.0,10703965.0,10567650.0,10318281.0,9836352.0,10252785.0,3929123.0,4225083.0,"Circle, Hammersmith & City",London Underground,Yes,,,,No
259,774.0,Edgware Road (Bak),3521080.0,3702217.0,3788217.0,3893325.0,4062214.0,4425113.0,0.0,4261079.0,4503184.0,5006662.0,4396642.0,4734969.0,4856904.0,2362854.0,2183058.0,Bakerloo,London Underground,Yes,,,,No
260,775.0,Shepherd's Bush Market,3418678.0,3583638.0,2959686.0,2874893.0,2999644.0,3257388.0,3438569.0,3662770.0,3412590.0,3569302.0,3530961.0,3426693.0,3375980.0,1499390.0,1656236.0,"Circle, Hammersmith & City",London Underground,Yes,,,,No
261,776.0,Pimlico,8018387.000000001,8411898.0,8391929.0,8236497.999999999,8788540.0,9907380.0,10212959.0,11419311.0,11264698.0,11485039.0,10422636.0,10282108.0,10813686.0,4243221.0,4058878.0,Victoria,London Underground,Yes,,,,Yes
262,777.0,Vauxhall LU,18822255.0,18557905.0,18301845.0,19296305.0,20871679.0,22842369.0,25146161.0,27509234.0,26834959.0,32234468.0,29257502.0,30407334.0,32303635.0,15463373.0,13623576.0,Victoria,London Underground,Yes,,,,Yes
263,778.0,Brixton LU,20577039.0,20927939.0,20879541.0,21276841.0,22509606.0,24823616.0,27221964.0,29373458.0,30830921.0,33460966.999999996,31107666.0,30303976.0,32032655.0,12735503.0,12831056.0,Victoria,London Underground,Yes,,,,Yes
264,779.0,Hatton Cross,3152254.0,2744396.0,2715123.0,2801153.0,2929341.0,2959643.0,3076485.0,3223047.0,3199955.0,3248674.0,3035400.0,3008769.0,3238018.0,1562318.0,1411470.0,Piccadilly,London Underground,Yes,,,,Yes
265,780.0,Heathrow Terminals 123 LU,9307489.0,8093306.999999999,8269094.000000001,7955415.0,7720762.0,7796187.0,8143722.0,4222451.0,7489313.0,7731054.0,7318073.0,7346448.0,7881446.0,1859318.0,2452747.0,Piccadilly,London Underground,Yes,,,,Yes
266,781.0,Heathrow Terminal 4 LU,2110256.0,1173324.0,1767759.0,2142085.0,2459358.0,2436725.0,2427793.0,7655649.0,2347501.0,2278746.0,2146778.0,2127743.0,2125220.0,0.0,0.0,Piccadilly,London Underground,Yes,,,,Yes
267,784.0,Southwark,8521360.0,9663065.0,10033484.0,10444575.0,11066974.0,11977082.0,13457338.0,14145874.0,17937654.0,17861867.0,15946577.0,15133433.0,14953717.0,3568419.0,5034192.0,Jubilee,London Underground,Yes,,,,Yes
268,787.0,Bermondsey,6560143.0,6654779.0,6378067.0,6603326.0,7379858.0,7999518.0,8639504.0,9379438.0,10163683.0,11068171.0,10083167.0,9416737.0,9448211.0,4400677.0,4176709.0,Jubilee,London Underground,Yes,,,,Yes
269,788.0,Canada Water,8949223.0,11428836.0,10610907.0,9009718.0,9906521.0,10724783.0,11557722.0,11814216.0,12777430.0,14438625.0,42491516.0,35059059.0,36470471.0,14301897.0,17950386.0,"Jubilee, London Overground",London Underground,Yes,,Yes,,Yes
270,789.0,North Greenwich,17280493.0,17761816.0,18103460.0,17728629.0,15700824.0,24171152.0,22398063.0,24272586.0,26377071.0,26452132.0,26585096.0,24549011.0,28280620.0,9641852.0,11279522.0,Jubilee,London Underground,Yes,,,,Yes
271,852.0,Canary Wharf LU,41622702.0,43509642.0,39616440.0,41526306.0,46590009.0,48043044.0,50046631.0,51809003.0,54441424.0,54785734.0,48576019.0,49813792.0,47685725.0,13355134.0,18288802.0,Jubilee,London Underground,Yes,,,,Yes
272,884.0,Canning Town,8098981.0,7982681.0,7834906.0,8223551.000000001,8710542.0,8737992.0,9784093.0,10100164.0,10916031.0,11913321.0,26514203.0,26460986.0,28393798.0,21331852.0,21144840.0,"DLR, Jubilee ",London Underground,Yes,,,Yes,Yes
273,599.0,Wood Lane,,3820056.0,3099767.0,3349472.0,3437870.0,3651658.0,3444011.0,3982886.0,3698414.0,3678778.0,3804000.0,4524340.0,4739497.0,1359848.0,2194795.0,"Circle, Hammersmith & City",London Underground,Yes,,,,No
274,783.0,Heathrow Terminal 5 LU,,3138596.0,2982239.0,3143925.0,3211111.0,3639976.0,4047773.0000000005,2125674.0,3902026.0,4452155.0,4247920.0,4178801.0,4476640.0,1173177.0,2027837.0,Piccadilly,London Underground,Yes,,,,Yes
275,504.0,Stratford International DLR,,,,,,,,,,,3565490.0,3689702.0,3931217.0,2283993.0,2623668.0,DLR,,,,,Yes,No
276,523.0,King George V,,,,,,,,,,,1647718.0,1705909.0,1859583.0,1402423.0,1237801.0,DLR,,,,,Yes,No
277,533.0,London City Airport,,,,,,,,,,,4411647.0,4501203.0,4683701.0,851219.0,1601328.0,DLR,,,,,Yes,No
278,538.0,Pontoon Dock,,,,,,,,,,,1609537.0,2628700.0,3175895.0,1285216.0,1794022.0,DLR,,,,,Yes,No
279,559.0,West Silvertown,,,,,,,,,,,2109077.0,1827325.0,1899803.0,1085312.0,1505609.0,DLR,,,,,Yes,No
280,573.0,Woolwich Arsenal,,,,,,,,,,,15515983.0,14587785.0,14589695.0,8083374.0,8491604.0,DLR,,,,,Yes,No
281,749.0,Stratford High Street,,,,,,,,,,,1143355.0,1178037.0,1183158.0,917986.0,888438.0,DLR,,,,,Yes,No
282,750.0,Abbey Road,,,,,,,,,,,1190535.0,1216448.0,1219247.0,860312.0,796342.0,DLR,,,,,Yes,No
283,842.0,Canary Wharf DLR,,,,,,,,,,,18007670.0,18160599.0,18319463.0,4222389.0,6634865.0,DLR,,,,,Yes,No
284,850.0,All Saints,,,,,,,,,,,2034156.0,2075415.0,2113995.0,1211243.0,1131935.0,DLR,,,,,Yes,No
285,851.0,Bow Church,,,,,,,,,,,3543715.0,3522329.0,3552013.0,2291713.0,1655934.0,DLR,,,,,Yes,No
286,853.0,Langdon Park,,,,,,,,,,,4058468.0,4216212.0,4405944.0,2492349.0,2768650.0,DLR,,,,,Yes,No
287,854.0,Crossharbour,,,,,,,,,,,4064583.0,3952397.0,4258652.0,2051762.0,2260969.0,DLR,,,,,Yes,No
288,855.0,Heron Quays,,,,,,,,,,,8677976.0,7916332.0,8150993.0,2308727.0,3857998.0,DLR,,,,,Yes,No
289,856.0,Island Gardens,,,,,,,,,,,2898807.0,2716573.0,2708635.0,1328528.0,1514372.0,DLR,,,,,Yes,No
290,857.0,Mudchute,,,,,,,,,,,2134183.0,2131157.0,2124149.0,1027512.0,1142393.0,DLR,,,,,Yes,No
291,858.0,Poplar,,,,,,,,,,,4713917.0,4567851.0,4967283.0,1135902.0,825604.0,DLR,,,,,Yes,No
292,859.0,Pudding Mill Lane,,,,,,,,,,,595193.0,763548.0,855872.0,619028.0,614843.0,DLR,,,,,Yes,No
293,860.0,Shadwell DLR,,,,,,,,,,,8539916.0,8499265.0,8862262.0,4061469.0,4667783.0,DLR,,,,,Yes,No
294,861.0,South Quay,,,,,,,,,,,5921106.0,6076155.0,6501819.0,1990713.0,2497386.0,DLR,,,,,Yes,No
295,862.0,Limehouse DLR,,,,,,,,,,,9390199.0,9231364.0,9780754.0,3958417.0,4798610.0,DLR,,,,,Yes,No
296,864.0,Tower Gateway,,,,,,,,,,,4485971.0,4780256.0,4905211.0,1344452.0,2401001.0,DLR,,,,,Yes,No
297,865.0,Westferry,,,,,,,,,,,4999283.0,4953763.0,5266544.0,2579546.0,3049242.0,DLR,,,,,Yes,No
298,866.0,West India Quay,,,,,,,,,,,1280769.0,1355439.0,1305312.0,296160.0,1329826.0,DLR,,,,,Yes,No
299,867.0,Devons Road,,,,,,,,,,,2372121.0,2468678.0,2624213.0,1418974.0,1447472.0,DLR,,,,,Yes,No
300,879.0,Cutty Sark,,,,,,,,,,,7430815.0,6747837.0,7083717.0,2561980.0,3920658.0,DLR,,,,,Yes,No
301,882.0,Blackwall,,,,,,,,,,,1924981.0,1879514.0,1973374.0,901590.0,1097865.0,DLR,,,,,Yes,No
302,883.0,East India,,,,,,,,,,,3662137.0,3637806.0,3878104.0,1703338.0,2333112.0,DLR,,,,,Yes,No
303,886.0,Royal Victoria,,,,,,,,,,,4935448.0,3883072.0,3968052.0,2219789.0,2286632.0,DLR,,,,,Yes,No
304,887.0,Custom House,,,,,,,,,,,0.0,2242447.0,2205585.0,774342.0,2065445.0,"DLR, TfL Rail",,,Yes,,Yes,No
305,888.0,Prince Regent,,,,,,,,,,,3068336.0,2584885.0,2438593.0,952650.0,1381287.0,DLR,,,,,Yes,No
306,889.0,Star Lane,,,,,,,,,,,1493352.0,1486202.0,1504172.0,1135766.0,970623.0,DLR,,,,,Yes,No
307,890.0,Royal Albert,,,,,,,,,,,1778768.0,1759509.0,1821951.0,642156.0,798208.0,DLR,,,,,Yes,No
308,891.0,Beckton Park,,,,,,,,,,,688907.0,732001.0,508725.0,165824.0,287548.0,DLR,,,,,Yes,No
309,893.0,Cyprus,,,,,,,,,,,1888241.0,1859018.0,1993882.0,877612.0,1138664.0,DLR,,,,,Yes,No
310,894.0,Gallions Reach,,,,,,,,,,,1405306.0,1484206.0,1416166.0,870533.0,1095624.0,DLR,,,,,Yes,No
311,895.0,Beckton,,,,,,,,,,,2532056.0,2376180.0,2364126.0,1866578.0,1373476.0,DLR,,,,,Yes,No
312,897.0,Deptford Bridge,,,,,,,,,,,4242465.0,4005170.0,4214301.0,1139053.0,1766459.0,DLR,,,,,Yes,No
313,898.0,Elverson Road,,,,,,,,,,,1965251.0,1683418.0,1700793.0,992404.0,884912.0,DLR,,,,,Yes,No
314,928.0,Greenwich,,,,,,,,,,,5205602.0,4936188.0,4854886.0,2084916.0,2725047.0,DLR,,,,,Yes,No
315,940.0,Lewisham DLR,,,,,,,,,,,10846562.0,9860449.0,9662035.0,4236407.0,4701185.0,DLR,,,,,Yes,No
316,1022.0,Haggerston,,,,,,,,,,,3351634.0,3230842.0,3456324.0,1260312.0,1815479.0,London Overground,,,,Yes,,Yes
317,1023.0,Hoxton,,,,,,,,,,,3249377.0,3114353.0,3318585.0,1305815.0,1949719.0,London Overground,,,,Yes,,Yes
318,1024.0,Shoreditch High Street,,,,,,,,,,,8860547.0,8937833.0,9507906.0,1376963.0,4601311.0,London Overground,,,,Yes,,Yes
319,1039.0,Rotherhithe,,,,,,,,,,,1826741.0,1817189.0,1786036.0,601765.0,860347.0,London Overground,,,,Yes,,Yes
320,1082.0,Shadwell LO,,,,,,,,,,,4331978.0,5388663.0,5561873.0,1956196.0,2678672.0,London Overground,,,,Yes,,Yes
321,1083.0,Surrey Quays,,,,,,,,,,,4926621.0,4742011.0,4873849.0,2084074.0,2939844.0,London Overground,,,,Yes,,Yes
322,1085.0,Wapping,,,,,,,,,,,2481764.0,2512598.0,2548862.0,775518.0,1340834.0,London Overground,,,,Yes,,Yes
323,1395.0,Bushey,,,,,,,,,,,651775.0,665334.0,698731.0,261806.0,396594.0,London Overground,,,,Yes,,No
324,1398.0,Hatch End,,,,,,,,,,,710039.0,715589.0,726221.0,356731.0,443478.0,London Overground,,,,Yes,,No
325,1402.0,Watford Junction,,,,,,,,,,,1492464.0,1491039.0,1681091.0,664957.0,1135592.0,London Overground,,,,Yes,,No
326,1404.0,Acton Central,,,,,,,,,,,1990116.0,1845816.0,1790280.0,1134052.0,1167174.0,London Overground,,,,Yes,,No
327,1409.0,Gospel Oak,,,,,,,,,,,2467887.0,2729452.0,2691232.0,1968124.0,1777739.0,London Overground,,,,Yes,,No
328,1413.0,Hampstead Heath,,,,,,,,,,,3562249.0,3562302.0,3466018.0,2698906.0,2246249.0,London Overground,,,,Yes,,No
329,1415.0,Kilburn High Road,,,,,,,,,,,866081.0,811126.0,930564.0,441473.0,539192.0,London Overground,,,,Yes,,No
330,1421.0,West Hampstead LO,,,,,,,,,,,5860118.0,5382676.0,5056826.0,2773686.0,3117437.0,London Overground,,,,Yes,,No
331,1429.0,Dalston Kingsland,,,,,,,,,,,6461602.0,6376332.0,6415030.0,3124929.0,4048993.0,London Overground,,,,Yes,,No
332,1434.0,Headstone Lane,,,,,,,,,,,658172.0,620534.0,652914.0,413101.0,384932.0,,,,,,,
333,1437.0,Brondesbury,,,,,,,,,,,2924794.0,3059657.0,2968014.0,1839585.0,1838214.0,London Overground,,,,Yes,,No
334,1438.0,Brondesbury Park,,,,,,,,,,,1584534.0,1511170.0,1517887.0,913806.0,984626.0,London Overground,,,,Yes,,No
335,1439.0,Caledonian Road & Barnsbury,,,,,,,,,,,1742987.0,1679845.0,1802241.0,898929.0,1350071.0,London Overground,,,,Yes,,No
336,1440.0,Camden Road,,,,,,,,,,,5471661.0,5115423.0,5062324.0,2226106.0,2853286.0,London Overground,,,,Yes,,No
337,1441.0,Canonbury,,,,,,,,,,,3333820.0,3108125.0,3104982.0,1255178.0,1803938.0,London Overground,,,,Yes,,Yes
338,1442.0,Carpenders Park,,,,,,,,,,,1091852.0,1113234.0,1191720.0,702972.0,766704.0,London Overground,,,,Yes,,No
339,1443.0,Dalston Junction,,,,,,,,,,,5909377.0,5730840.0,6214642.0,2069833.0,3212644.0,London Overground,,,,Yes,,Yes
340,1444.0,Euston NR,,,,,,,,,,,3561954.0,3652046.0,4125202.0,1420814.0,2116277.0,London Overground,,,,Yes,,No
341,1445.0,Finchley Road & Frognal,,,,,,,,,,,2273363.0,2403061.0,2364775.0,1370533.0,1445981.0,London Overground,,,,Yes,,No
342,1448.0,Kensal Rise,,,,,,,,,,,2946889.0,2874085.0,2987835.0,1791959.0,2095470.0,London Overground,,,,Yes,,No
343,1449.0,Kentish Town West,,,,,,,,,,,2493968.0,2174959.0,2161589.0,1077455.0,1629280.0,London Overground,,,,Yes,,No
344,1451.0,South Hampstead,,,,,,,,,,,510791.0,507714.0,577003.0,352022.0,412312.0,London Overground,,,,Yes,,No
345,1452.0,South Acton,,,,,,,,,,,1378003.0,1490942.0,1457168.0,682929.0,831678.0,London Overground,,,,Yes,,No
346,1455.0,Watford High Street,,,,,,,,,,,1383367.0,1283695.0,1404551.0,720831.0,971404.0,London Overground,,,,Yes,,No
347,1524.0,Upper Holloway,,,,,,,,,,,887733.0,1235903.0,1389262.0,1087744.0,1169992.0,London Overground,,,,Yes,,No
348,5150.0,New Cross,,,,,,,,,,,2784006.0,2660707.0,2655302.0,1492538.0,1532792.0,London Overground,,,,Yes,,No
349,5301.0,Clapham High Street,,,,,,,,,,,2248857.0,2192193.0,2260168.0,936152.0,1231647.0,London Overground,,,,Yes,,No
350,5345.0,New Cross Gate,,,,,,,,,,,6886621.0,5850998.0,5606001.0,2076254.0,2724966.0,London Overground,,,,Yes,,Yes
351,5356.0,Crystal Palace,,,,,,,,,,,2058418.0,2094773.0,2000025.0,1455238.0,1667100.0,London Overground,,,,Yes,,No
352,5362.0,Forest Hill,,,,,,,,,,,3491388.0,3354862.0,3366957.0,1202543.0,1701565.0,London Overground,,,,Yes,,No
353,5372.0,Wandsworth Road,,,,,,,,,,,857961.0,837919.0,852193.0,393435.0,455293.0,London Overground,,,,Yes,,No
354,5376.0,Norwood Junction,,,,,,,,,,,1475831.0,1447591.0,1568093.0,749301.0,886919.0,London Overground,,,,Yes,,No
355,5378.0,Penge West,,,,,,,,,,,1038116.0,813443.0,842354.0,359406.0,572881.0,London Overground,,,,Yes,,No
356,5397.0,Anerley,,,,,,,,,,,1141012.0,1220020.0,1264544.0,558737.0,821918.0,London Overground,,,,Yes,,No
357,5404.0,Brockley,,,,,,,,,,,4377054.0,4254718.0,4280207.0,1633785.0,2280512.0,London Overground,,,,Yes,,No
358,5411.0,West Croydon NR,,,,,,,,,,,3259957.0,3772252.0,3594643.0,2289241.0,2293962.0,London Overground,,,,Yes,,No
359,5418.0,Honor Oak Park,,,,,,,,,,,3133342.0,3114594.0,3194783.0,1069321.0,1640297.0,London Overground,,,,Yes,,No
360,5420.0,Battersea Park,,,,,,,,,,,10383.0,10910.0,12154.0,10748.0,6842.0,London Overground,,,,Yes,,No
361,5421.0,Denmark Hill,,,,,,,,,,,7709693.0,7382684.0,7990260.0,3742004.0,4447266.0,London Overground,,,,Yes,,No
362,5423.0,Peckham Rye,,,,,,,,,,,4084899.0,4113512.0,4200052.0,1518905.0,2241738.0,London Overground,,,,Yes,,No
363,5424.0,Queens Road Peckham,,,,,,,,,,,1962509.0,2084056.0,2120306.0,942423.0,1158467.0,London Overground,,,,Yes,,No
364,5437.0,Sydenham,,,,,,,,,,,2974643.0,2907347.0,2962757.0,1100736.0,1456686.0,London Overground,,,,Yes,,No
365,5595.0,Clapham Junction,,,,,,,,,,,14788770.0,14878382.0,14773995.0,9994169.0,10438622.0,London Overground,,,,Yes,,No
366,6814.0,Cheshunt,,,,,,,,,,,453708.0,437039.0,459470.0,198951.0,340289.0,London Overground,,,,Yes,,No
367,6867.0,Hackney Downs,,,,,,,,,,,3347992.0,3334586.0,3480439.0,1715892.0,2128124.0,London Overground,,,,Yes,,No
368,6872.0,Brentwood,,,,,,,,,,,2910274.0,2971409.0,2430028.0,1168543.0,1390728.0,TfL Rail,,,Yes,,,No
369,6874.0,Chadwell Heath,,,,,,,,,,,4000605.0,3855694.0,4402503.0,2469914.0,2396450.0,TfL Rail,,,Yes,,,No
370,6876.0,Forest Gate,,,,,,,,,,,2956428.0,3236484.0,3931741.0,2488244.0,2548489.0,TfL Rail,,,Yes,,,No
371,6877.0,Gidea Park,,,,,,,,,,,2393978.0,2717776.0,3091264.0,1273342.0,1533725.0,TfL Rail,,,Yes,,,No
372,6878.0,Goodmayes,,,,,,,,,,,3481761.0,3445071.0,3969489.0,2290994.0,2145176.0,TfL Rail,,,Yes,,,No
373,6879.0,Harold Wood,,,,,,,,,,,2495901.0,2752817.0,3102641.0,1573665.0,1760138.0,TfL Rail,,,Yes,,,No
374,6881.0,Ilford,,,,,,,,,,,7987556.0,7653644.0,8343355.0,3930054.0,4106402.0,TfL Rail,,,Yes,,,No
375,6883.0,Manor Park,,,,,,,,,,,2120086.0,1980072.0,2762719.0,1687629.0,1781334.0,TfL Rail,,,Yes,,,No
376,6886.0,Romford,,,,,,,,,,,8484992.0,7891190.0,9522899.0,4569696.0,5920159.0,"London Overground, TfL Rail",,,Yes,Yes,,No
377,6888.0,Shenfield,,,,,,,,,,,1724799.0,1593139.0,1857641.0,1365424.0,1493660.0,TfL Rail,,,Yes,,,No
378,6893.0,Seven Kings,,,,,,,,,,,3030081.0,3133514.0,3519698.0,2087123.0,2046889.0,TfL Rail,,,Yes,,,No
379,6913.0,Bush Hill Park,,,,,,,,,,,1204935.0,1257096.0,1416560.0,508104.0,753674.0,London Overground,,,,Yes,,No
380,6914.0,Chingford,,,,,,,,,,,2084007.0,2123980.0,2215460.0,999111.0,1279317.0,London Overground,,,,Yes,,No
381,6919.0,Highams Park,,,,,,,,,,,2308794.0,2801865.0,2900832.0,1215998.0,1735398.0,London Overground,,,,Yes,,No
382,6926.0,Clapton,,,,,,,,,,,1776056.0,1879898.0,1900867.0,905095.0,1157488.0,London Overground,,,,Yes,,No
383,6934.0,Stoke Newington,,,,,,,,,,,1545265.0,1446191.0,1607495.0,715508.0,1176525.0,London Overground,,,,Yes,,No
384,6941.0,Edmonton Green,,,,,,,,,,,3709925.0,3568143.0,4058791.0,2105087.0,2348713.0,London Overground,,,,Yes,,No
385,6947.0,Southbury,,,,,,,,,,,1271810.0,1138676.0,1175370.0,615296.0,693974.0,London Overground,,,,Yes,,No
386,6949.0,Theobalds Grove,,,,,,,,,,,743156.0,734754.0,770253.0,392947.0,466660.0,London Overground,,,,Yes,,No
387,6952.0,Turkey Street,,,,,,,,,,,1287754.0,1235516.0,1269753.0,623317.0,671342.0,London Overground,,,,Yes,,No
388,6954.0,Wood Street,,,,,,,,,,,1422045.0,1781513.0,1862285.0,947291.0,1242080.0,London Overground,,,,Yes,,No
389,6956.0,White Hart Lane,,,,,,,,,,,2264604.0,2358599.0,1885627.0,1027468.0,1161269.0,London Overground,,,,Yes,,No
390,6958.0,Bruce Grove,,,,,,,,,,,1580400.0,1564321.0,1782467.0,936661.0,1378067.0,London Overground,,,,Yes,,No
391,6959.0,Enfield Town,,,,,,,,,,,2388070.0,2441874.0,2461521.0,1058812.0,1437473.0,London Overground,,,,Yes,,No
392,6961.0,Bethnal Green LO,,,,,,,,,,,1364618.0,1357219.0,1352754.0,891335.0,1047192.0,London Overground,,,,Yes,,No
393,6962.0,Cambridge Heath,,,,,,,,,,,980935.0,997132.0,1115133.0,516410.0,889589.0,London Overground,,,,Yes,,No
394,6965.0,Liverpool Street NR,,,,,,,,,,,28427447.0,29893382.0,32248118.0,12114962.0,16460908.0,TfL Rail,,,Yes,,,No
395,6966.0,London Fields,,,,,,,,,,,1784175.0,1791071.0,2050471.0,787176.0,1188188.0,London Overground,,,,Yes,,No
396,6967.0,Rectory Road,,,,,,,,,,,1181806.0,1095421.0,1161046.0,468783.0,869834.0,London Overground,,,,Yes,,No
397,6968.0,Stamford Hill,,,,,,,,,,,987086.0,948856.0,1028322.0,637758.0,695033.0,London Overground,,,,Yes,,No
398,6970.0,Maryland,,,,,,,,,,,1283840.0,1108395.0,1556190.0,1080904.0,1316546.0,TfL Rail,,,Yes,,,No
399,6972.0,Silver Street,,,,,,,,,,,2498643.0,2560391.0,2896057.0,1589687.0,1682406.0,London Overground,,,,Yes,,No
400,6973.0,St James Street,,,,,,,,,,,1133828.0,1283744.0,1331099.0,719781.0,893897.0,London Overground,,,,Yes,,No
401,6977.0,Hackney Central,,,,,,,,,,,6639640.0,7269623.0,7355336.0,3074965.0,3873150.0,London Overground,,,,Yes,,No
402,6978.0,Hackney Wick,,,,,,,,,,,2027072.0,1296778.0,2865480.0,1294674.0,2034502.0,London Overground,,,,Yes,,No
403,6979.0,Homerton,,,,,,,,,,,4916632.0,5070913.0,5106067.0,2563827.0,3004286.0,London Overground,,,,Yes,,No
404,7401.0,Harringay Green Lanes,,,,,,,,,,,934235.0,1228323.0,1342722.0,1043961.0,976641.0,London Overground,,,,Yes,,No
405,7402.0,Leyton Midland Road,,,,,,,,,,,1502699.0,1346936.0,1441735.0,1112804.0,997076.0,London Overground,,,,Yes,,No
406,7403.0,Leytonstone High Road,,,,,,,,,,,1107993.0,970484.0,1018773.0,742928.0,721287.0,London Overground,,,,Yes,,No
407,7404.0,South Tottenham,,,,,,,,,,,1342130.0,1578273.0,1269078.0,1156264.0,950085.0,London Overground,,,,Yes,,No
408,7406.0,Crouch Hill,,,,,,,,,,,719487.0,945139.0,942814.0,733856.0,727117.0,London Overground,,,,Yes,,No
409,7407.0,Walthamstow Queen's Road,,,,,,,,,,,1602249.0,2007298.0,2342011.0,969517.0,877303.0,London Overground,,,,Yes,,No
410,7408.0,Wanstead Park,,,,,,,,,,,1060998.0,1110917.0,1195337.0,996649.0,890743.0,London Overground,,,,Yes,,No
411,7467.0,Woodgrange Park,,,,,,,,,,,962973.0,891843.0,898106.0,778844.0,631946.0,London Overground,,,,Yes,,No
412,7473.0,Emerson Park,,,,,,,,,,,275227.0,282798.0,322550.0,119939.0,183964.0,London Overground,,,,Yes,,No
413,9586.0,Imperial Wharf,,,,,,,,,,,3307690.0,3151525.0,3022704.0,1547700.0,2061276.0,London Overground,,,,Yes,,No
414,9587.0,Shepherd's Bush NR,,,,,,,,,,,8458803.0,8230210.0,8312280.0,2900189.0,4551302.0,London Overground,,,,Yes,,No
415,3000.0,Acton Main Line,,,,,,,,,,,,300026.0,381479.0,178777.0,316257.0,TfL Rail,,,Yes,,,No
416,3087.0,Paddington NR,,,,,,,,,,,,4086849.0,4722949.0,5977071.0,8513238.0,TfL Rail,,,Yes,,,No
417,3186.0,Hayes & Harlington,,,,,,,,,,,,2246986.0,2546115.0,1147933.0,1620176.0,London Overground,,,,Yes,,No
418,3186.0,Hayes & Harlington,,,,,,,,,,,,2246986.0,2546115.0,1147933.0,1620176.0,TfL Rail,,,Yes,,,No
419,3187.0,Southall,,,,,,,,,,,,1723747.0,2563229.0,1429088.0,2294079.0,TfL Rail,,,Yes,,,No
420,3188.0,West Ealing,,,,,,,,,,,,1215358.0,1487684.0,663903.0,908453.0,TfL Rail,,,Yes,,,No
421,3191.0,Hanwell,,,,,,,,,,,,364993.0,675795.0,387664.0,576380.0,TfL Rail,,,Yes,,,No
422,7090.0,Heathrow Terminals 2 & 3 EL,,,,,,,,,,,,1436239.0,1664708.0,129339.0,723162.0,TfL Rail,,,Yes,,,No
423,7091.0,Heathrow Terminal 4 EL,,,,,,,,,,,,1420311.0,1426266.0,0.0,0.0,TfL Rail,,,Yes,,,No
424,3147.0,Maidenhead,,,,,,,,,,,,,,102141.0,1964707.0,TfL Rail,,,Yes,,,No
425,3149.0,Reading,,,,,,,,,,,,,,1211829.0,1544095.0,TfL Rail,,,Yes,,,No
426,3151.0,Taplow,,,,,,,,,,,,,,20878.0,266945.0,TfL Rail,,,Yes,,,No
427,3155.0,Twyford,,,,,,,,,,,,,,13407.0,837725.0,TfL Rail,,,Yes,,,No
428,3170.0,Iver,,,,,,,,,,,,,,43002.0,182117.0,TfL Rail,,,Yes,,,No
429,3171.0,Langley,,,,,,,,,,,,,,81604.0,565434.0,TfL Rail,,,Yes,,,No
430,3172.0,Slough,,,,,,,,,,,,,,234410.0,2170889.0,TfL Rail,,,Yes,,,No
431,3174.0,West Drayton,,,,,,,,,,,,,,1104778.0,1361605.0,TfL Rail,,,Yes,,,No
432,3176.0,Burnham,,,,,,,,,,,,,,106258.0,894325.0,TfL Rail,,,Yes,,,No
433,9846.0,Heathrow Terminal 5 EL,,,,,,,,,,,,,,668011.0,260928.0,TfL Rail,,,Yes,,,No
434,831.0,Nine Elms,,,,,,,,,,,,,,,1163116.0,Northern,London Underground,Yes,,,,No
435,832.0,Battersea Power Station,,,,,,,,,,,,,,,2177911.0,Northern,London Underground,Yes,,,,No
